filename	label	labeler	timestamp
cluster_3/00544baf-6fca-4664-b208-35d99a216a22.png	No	Dylan	2026-08-18T19:14:22Z
cluster_3/01567e57-d4d3-4c2c-b09f-a52d927538bc.png	No	Dylan	2026-08-18T19:14:30Z
cluster_3/0871296c-0f48-4e45-aa67-7db24537ba85.png	No	Dylan	2026-08-18T19:14:44Z
cluster_3/09f7d6b9-b22b-4d14-81a5-5bd1d1710747.png	Yes	Dylan	2026-08-18T19:14:52Z
cluster_3/0b0d2c0e-c188-403f-b1d5-495aaa38c9f4.png	No	Dylan	2026-08-18T19:14:56Z
cluster_3/0ccfb7c7-2c0e-4d4a-84d6-ea401fadc457.png	Yes	Dylan	2026-08-18T19:15:04Z
cluster_3/146df959-0a37-4948-a6da-1701982364d0.png	Yes	Dylan	2026-08-18T19:15:05Z
cluster_3/179b54f6-a00d-4f0f-952f-4948c2b8b9d8.png	No	Dylan	2026-08-18T19:15:12Z
cluster_3/1848de59-5bb5-4969-926b-b3ddc371f3a7.png	Yes	Dylan	2026-08-18T19:15:41Z
cluster_3/1b3bff41-a0a0-4036-b1f6-98d643b21b66.png	No	Dylan	2026-08-18T19:15:50Z
cluster_3/1b60ecbd-c09e-4144-8921-b20f74680544.png	Uninformative	Dylan	2026-08-18T19:16:52Z
cluster_3/1c31c259-0bb3-4366-bedb-3f7b0e46152f.png	Yes	Dylan	2026-08-18T19:16:56Z
cluster_3/1d36ac58-380c-4f5a-b95d-18eb4ef10a5c.png	Yes	Dylan	2026-08-18T19:17:28Z
cluster_3/1d38684b-a28a-47c3-a28b-3a7021c1cea6.png	No	Dylan	2026-08-18T19:17:29Z
cluster_3/22b2a4b6-a473-400b-9a75-360166f7e64a.png	No	Dylan	2026-08-18T19:17:52Z
cluster_3/24185f87-f7d5-4af2-8d0c-04087c84c9f1.png	No	Dylan	2026-08-18T19:18:13Z
cluster_3/28da3de4-0cb0-4f2c-87c1-d567424a94f6.png	Uninformative	Dylan	2026-08-18T19:18:41Z
cluster_3/2ed620c2-56cd-47e0-a78e-7dc38555f075.png	Yes	Dylan	2026-08-18T19:18:44Z
cluster_3/306610e5-af79-4642-940c-a1b11aac738a.png	No	Dylan	2026-08-18T19:18:55Z
cluster_3/33390677-5ac5-4e0f-8f11-6d23637f9231.png	No	Dylan	2026-08-18T19:19:10Z
cluster_3/3d15092f-cdb6-43d6-a2d1-499d541bc7a6.png	Yes	Dylan	2026-08-18T19:19:22Z
cluster_3/3ecfc8ea-64ca-4c37-af28-6df2eaa9d112.png	No	Dylan	2026-08-18T19:19:31Z
cluster_3/40631500-c4b3-4811-82f0-db53ece8b13a.png	Yes	Dylan	2026-08-18T19:19:56Z
cluster_3/42ca9e18-beb8-4c7b-a93a-7552ccaedd36.png	No	Dylan	2026-08-18T19:20:01Z
cluster_3/474960f0-47b1-4430-ac5c-248ec394a03c.png	No	Dylan	2026-08-18T19:20:10Z
cluster_3/47989f76-f1b3-4751-bc74-b6d1e689d39c.png	No	Dylan	2026-08-18T19:20:14Z
cluster_3/4cbd6f5d-0435-49dc-957e-90d601855c82.png	Yes	Dylan	2026-08-18T19:20:20Z
cluster_3/4f8a1eeb-bf26-46ca-a1a1-7cb2f98356ef.png	Yes	Dylan	2026-08-18T19:20:26Z
cluster_3/50a31d55-fc87-4032-8509-e18ad3baeb2f.png	Uninformative	Dylan	2026-08-18T19:20:34Z
cluster_3/53c35b63-e4b7-4c08-af0a-f0dcdad7ecba.png	Uninformative	Dylan	2026-08-18T19:20:46Z
cluster_3/5a7f25c0-054c-4975-a4ce-c4d86065a100.png	Yes	Dylan	2026-08-18T19:20:53Z
cluster_3/5a929687-1700-4541-b46e-c0d9528fcfd6.png	Uninformative	Dylan	2026-08-18T19:21:25Z
cluster_3/5ad26264-0c19-4d1a-ac32-fe7a8d2703c7.png	Uninformative	Dylan	2026-08-18T19:21:33Z
cluster_3/5ad2f2cf-f2f2-4ff3-a638-05e6123d40aa.png	Uninformative	Dylan	2026-08-18T19:22:08Z
cluster_3/5d06c6a6-fed1-483a-a5b1-4a04a1c9a457.png	Yes	Dylan	2026-08-18T19:22:14Z
cluster_3/5f6e655f-ba6e-4726-b207-27028b6cc660.png	Yes	Dylan	2026-08-18T19:22:16Z
cluster_3/6038e8e6-029c-49ec-b536-d93d0f019bac.png	Yes	Dylan	2026-08-18T19:22:17Z
cluster_3/61a88350-53c9-4632-9e4c-4e2a5f7c59a5.png	Yes	Dylan	2026-08-18T19:22:29Z
cluster_3/6400d30b-9e04-465a-89e0-1fbcdc0ffdb6.png	No	Dylan	2026-08-18T19:22:32Z
cluster_3/699f4254-1c47-47e4-8861-4ba2ff721d05.png	No	Dylan	2026-08-18T19:22:35Z
cluster_3/69dce8c0-590b-424d-9a34-f08d5864b015.png	No	Dylan	2026-08-18T19:22:38Z
cluster_3/6a6f3d0c-9dda-44ff-bc1d-9bc73558c878.png	Yes	Dylan	2026-08-18T19:22:58Z
cluster_3/6dcd2b2f-1f8d-4152-8ebb-10fb55f97ad0.png	Uninformative	Dylan	2026-08-18T19:23:19Z
cluster_3/6e8145b4-88d5-4c25-baf7-ab26fe7de520.png	No	Dylan	2026-08-18T19:23:22Z
cluster_3/7150e0b0-124f-4bd0-83c0-16bcd58821b7.png	Yes	Dylan	2026-08-18T19:23:28Z
cluster_3/7412498e-94ff-4e8f-8f51-71347ea1accb.png	No	Dylan	2026-08-18T19:23:30Z
cluster_3/79daeee1-bc1b-4486-9285-27716d50426f.png	Yes	Dylan	2026-08-18T19:23:32Z
cluster_3/7ae2065d-e660-40ee-8d0e-210936f3867c.png	Yes	Dylan	2026-08-18T19:23:33Z
cluster_3/7af8deff-8f91-43f8-9463-f697d10d62ea.png	Yes	Dylan	2026-08-18T19:23:42Z
cluster_3/80ace80e-4726-49e3-8acf-6a6f3539b485.png	No	Dylan	2026-08-18T19:23:47Z
cluster_3/83cd9e1d-2d55-4a61-975a-6fc05d57ddcc.png	No	Dylan	2026-08-18T19:23:50Z
cluster_3/871251d4-c5f4-41a4-a973-e84ced4ef423.png	No	Dylan	2026-08-18T19:23:52Z
cluster_3/89208338-7501-4141-aacf-afa607092ea7.png	Yes	Dylan	2026-08-18T19:24:00Z
cluster_3/8b4ec549-2f07-4d68-8a6a-2bab123e5d7d.png	Yes	Dylan	2026-08-18T19:24:26Z
cluster_3/8e4bcf4e-9c22-4458-95bc-de9af4954c9e.png	No	Dylan	2026-08-18T19:24:30Z
cluster_3/8eb872da-5d62-4917-9733-c245043b8a2d.png	No	Dylan	2026-08-18T19:24:33Z
cluster_3/8f81d741-71db-499c-a496-6a8fb8663c25.png	No	Dylan	2026-08-18T19:24:35Z
cluster_3/90dab27a-b341-417f-b2d8-81de74dea114.png	No	Dylan	2026-08-18T19:24:38Z
cluster_3/90dab27a-b341-417f-b2d8-81de74dea114.png	Yes	Dylan	2026-08-18T19:24:55Z
cluster_3/92f9d683-54c4-4742-9e8c-b831e9c7a0dd.png	Uninformative	Dylan	2026-08-18T19:24:59Z
cluster_3/97d503b2-f7eb-4293-8b0b-e67de53bd040.png	Yes	Dylan	2026-08-18T19:25:06Z
cluster_3/9927da8a-7472-4b76-9d42-1d0294cce5ea.png	Yes	Dylan	2026-08-18T19:25:07Z
cluster_3/9b19a194-d0c4-49ea-8568-e47a851d56da.png	No	Dylan	2026-08-18T19:25:09Z
cluster_3/9d9372f3-a61a-4d77-b524-e80aea778d42.png	Yes	Dylan	2026-08-18T19:25:11Z
cluster_3/a5983c45-93f5-4109-952d-78782472b4be.png	No	Dylan	2026-08-18T19:25:12Z
cluster_3/a714b6d8-0de4-40d1-bc1a-754a6ff578d3.png	Yes	Dylan	2026-08-18T19:25:32Z
cluster_3/aa459c28-d9df-41a5-b4f7-aa23b1e043c2.png	Yes	Dylan	2026-08-18T19:25:35Z
cluster_3/ad0340b5-d614-4048-96ff-64c869ac504e.png	Yes	Dylan	2026-08-18T19:25:37Z
cluster_3/ae4c771a-1829-44a8-8029-873027b38ad1.png	No	Dylan	2026-08-18T19:25:47Z
cluster_3/ae66f58c-2d1f-4218-bfd3-4bd3bdc0e885.png	Yes	Dylan	2026-08-18T19:25:56Z
cluster_3/ae84ac31-1392-4580-b407-4ca2fa1d6135.png	Yes	Dylan	2026-08-18T19:26:10Z
cluster_3/b5996cc9-fa18-4638-849c-ceda27c3a7f2.png	Yes	Dylan	2026-08-18T19:26:15Z
cluster_3/b7ac85ec-b98a-4021-b399-61bb20ea42ba.png	Yes	Dylan	2026-08-18T19:26:27Z
cluster_3/b9d91799-fc5a-4b9c-9a4a-4f3556a39bf0.png	No	Dylan	2026-08-18T19:26:30Z
cluster_3/bc9969db-f3ac-475e-81f1-0ade8a52fb6a.png	Uninformative	Dylan	2026-08-18T19:26:46Z
cluster_3/be10c534-92bd-4889-a837-06288fb5784b.png	Yes	Dylan	2026-08-18T19:27:00Z
cluster_3/c367524a-bd36-4246-9ffc-d5133c3e470b.png	No	Dylan	2026-08-18T19:27:10Z
cluster_3/c3a7bdba-9c50-492a-8e1d-1034874bded4.png	Uninformative	Dylan	2026-08-18T19:27:12Z
cluster_3/c428ead3-8d75-43c2-b30f-e6d1e2923099.png	Yes	Dylan	2026-08-18T19:27:14Z
cluster_3/cb6069f8-2602-416b-ad24-e2bbc7774c64.png	Yes	Dylan	2026-08-18T19:27:28Z
cluster_3/cd742779-d2e9-4a37-917d-27bf3373a26f.png	Yes	Dylan	2026-08-18T19:27:47Z
cluster_3/d015dbb5-ef8f-4c07-befc-0c81866d1077.png	No	Dylan	2026-08-18T19:28:09Z
cluster_3/d9a890db-26ae-4306-8486-0de7528490ec.png	Yes	Dylan	2026-08-18T19:28:12Z
cluster_3/dfdcc301-71df-41fb-a739-210d3c0280c1.png	Uninformative	Dylan	2026-08-18T19:28:14Z
cluster_3/e2672430-3642-4d0d-9f93-678bf4109254.png	Uninformative	Dylan	2026-08-18T19:28:16Z
cluster_3/e2694061-1832-4265-be2a-c70d6dbc9493.png	No	Dylan	2026-08-18T19:28:59Z
cluster_3/ebe5eb1e-f40a-49a1-bf48-20e6421efc10.png	Yes	Dylan	2026-08-18T19:29:06Z
cluster_3/ed5a98da-8659-4a10-994a-3a4e7ad0249e.png	Yes	Dylan	2026-08-18T19:29:22Z
cluster_3/f0de9b88-6c36-431a-a7fe-c5ee357f9b23.png	Yes	Dylan	2026-08-18T19:29:27Z
cluster_3/f46baf15-297e-48f6-8163-bbcd1d5f2721.png	Uninformative	Dylan	2026-08-18T19:29:57Z
cluster_3/f4d98f3b-4ff2-4e57-b78e-b1974cfbcb8e.png	No	Dylan	2026-08-18T19:30:01Z
cluster_3/f608df23-be1e-47ab-9fa1-fc443930679c.png	Yes	Dylan	2026-08-18T19:30:28Z
cluster_3/f8a891ea-0119-4e5d-a6ad-557bd5903945.png	Yes	Dylan	2026-08-18T19:30:39Z
cluster_3/fce30456-018a-4068-ba88-87c1ae86fbd7.png	No	Dylan	2026-08-18T19:30:44Z
cluster_5/02a517f6-73e0-4198-a18e-aa29a61c63ec.png	No	Dylan	2026-08-18T19:33:59Z
cluster_5/050537f8-4698-4a95-a2c2-723ccc607b65.png	Uninformative	Dylan	2026-08-18T19:34:30Z
cluster_5/092cf533-36e0-4d2d-9c2f-5cae654d1a3c.png	No	Dylan	2026-08-18T19:34:47Z
cluster_5/1446d8e6-36de-4100-9f74-5120df50f04b.png	Uninformative	Dylan	2026-08-18T19:34:50Z
cluster_5/1bae3eda-6c0c-4a85-84a7-0d80f7fd9dce.png	No	Dylan	2026-08-18T19:35:07Z
cluster_5/268b59d7-3e91-4bb9-9b1f-6e2e6518ebf8.png	Uninformative	Dylan	2026-08-18T19:35:10Z
cluster_5/307be4fa-a31c-4e45-a90a-8933f6e9af9b.png	No	Dylan	2026-08-18T19:35:15Z
cluster_5/3215e4d4-9313-470c-905a-3e21c70cab4d.png	No	Dylan	2026-08-18T19:35:39Z
cluster_5/32f897a0-5118-4266-bddf-d74320f62f1a.png	No	Dylan	2026-08-18T19:35:44Z
cluster_5/37571c36-eac8-4ea6-ba8d-d3f4f3381511.png	No	Dylan	2026-08-18T19:35:47Z
cluster_5/3beec031-56b7-4bab-9b50-545f872769f4.png	Uninformative	Dylan	2026-08-18T19:35:49Z
cluster_5/40c39553-1f32-4269-970b-64c5f03318a6.png	Yes	Dylan	2026-08-18T19:36:18Z
cluster_5/44a420e2-7d5c-4fa5-90f4-e60979f62164.png	No	Dylan	2026-08-18T19:36:26Z
cluster_5/509482ec-8911-485b-974a-44692a0b2a41.png	No	Dylan	2026-08-18T19:36:49Z
cluster_5/5974f499-41e3-48eb-89ce-8a1d0495f756.png	Uninformative	Dylan	2026-08-18T19:36:50Z
cluster_5/5d50fbf2-050e-4429-a762-b68731a7c77b.png	Uninformative	Dylan	2026-08-18T19:36:51Z
cluster_5/608dc294-bcb9-4e18-855e-557f8a752949.png	No	Dylan	2026-08-18T19:36:55Z
cluster_5/609968e8-9533-4517-9bba-dae8699e0857.png	Uninformative	Dylan	2026-08-18T19:37:01Z
cluster_5/65b55a29-eac1-4ebd-99a5-b57f937acc94.png	Uninformative	Dylan	2026-08-18T19:37:02Z
cluster_5/65cce5aa-7248-4b21-9ce9-60d2afb30fb0.png	Uninformative	Dylan	2026-08-18T19:37:04Z
cluster_5/6650a6ae-4ea8-41de-8ceb-a0517b42ddce.png	No	Dylan	2026-08-18T19:37:08Z
cluster_5/66eaf156-4436-442e-b397-16efbfb66e9c.png	No	Dylan	2026-08-18T19:37:11Z
cluster_5/70f8e6e9-493d-4139-80f6-d2c5a8545dba.png	No	Dylan	2026-08-18T19:37:19Z
cluster_5/739893ae-c4de-43a3-abac-d2d7359e4aa9.png	Uninformative	Dylan	2026-08-18T19:37:20Z
cluster_5/764e0cd5-8a84-480a-ba4a-d523ce0803ef.png	Uninformative	Dylan	2026-08-18T19:37:21Z
cluster_5/7a91b1a5-f467-4f6e-a871-1eb193c7d309.png	No	Dylan	2026-08-18T19:38:17Z
cluster_5/7c0ebad3-c7a4-43ac-a845-3278c403742c.png	Uninformative	Dylan	2026-08-18T19:38:18Z
cluster_5/7f742411-c2f8-4650-b6b8-7c89a79a86f1.png	Yes	Dylan	2026-08-18T19:39:39Z
cluster_5/8178b854-801c-43ab-8a12-08e6d7398449.png	Yes	Dylan	2026-08-18T19:39:49Z
cluster_5/82342476-b44a-4094-94e2-0814b0fc111a.png	Yes	Dylan	2026-08-18T19:39:52Z
cluster_5/889867f2-1325-4de6-bae2-f88403763f07.png	No	Dylan	2026-08-18T19:39:56Z
cluster_5/8d9c6cf9-fa32-42bc-a4bc-cc21d0648a7b.png	Uninformative	Dylan	2026-08-18T19:39:59Z
cluster_5/8e870c27-6766-42db-aae6-2f1cf8364abd.png	No	Dylan	2026-08-18T19:40:03Z
cluster_5/922527ff-6c2f-4291-936b-2d4ce884c6dd.png	Yes	Dylan	2026-08-18T19:40:08Z
cluster_5/92a5b18f-27f3-4870-8dd2-a160eca80499.png	Uninformative	Dylan	2026-08-18T19:41:00Z
cluster_5/99e992eb-a802-408d-ae17-2aac7ce2206b.png	Uninformative	Dylan	2026-08-18T19:41:02Z
cluster_5/9afc378f-86ab-4f54-8b64-bde580114a01.png	Yes	Dylan	2026-08-18T19:41:11Z
cluster_5/a1342b2c-d67d-48bc-a10c-3e02e17d13a6.png	No	Dylan	2026-08-18T19:41:20Z
cluster_5/ab69d153-25db-4fa0-820d-951e99b1c6ba.png	Yes	Dylan	2026-08-18T19:41:27Z
cluster_5/ad2849a8-342b-4203-9d35-624ce7ecc4bb.png	No	Dylan	2026-08-18T19:41:33Z
cluster_5/bb521670-124a-4f21-bce1-920b3fb75555.png	Uninformative	Dylan	2026-08-18T19:41:34Z
cluster_5/c069683f-d85b-41dd-95d3-a6e0f35edff3.png	Uninformative	Dylan	2026-08-18T19:41:35Z
cluster_5/c44b34a8-af32-48cc-bb4d-a9055b59e9f3.png	Yes	Dylan	2026-08-18T19:41:54Z
cluster_5/c69fc3d6-e6aa-40f3-87f9-54ee7eaa4e44.png	Uninformative	Dylan	2026-08-18T19:41:56Z
cluster_5/d06b714a-6a68-453c-ba0d-4c693aa57b8e.png	No	Dylan	2026-08-18T19:42:04Z
cluster_5/d2f07e36-d717-4c8f-9e8c-139de33da00c.png	No	Dylan	2026-08-18T19:42:12Z
cluster_5/e070e08c-7b30-45bc-b68c-6308da04f71f.png	No	Dylan	2026-08-18T19:42:44Z
cluster_5/e26e5c45-d1df-41a4-ace8-c8170ba131bd.png	Uninformative	Dylan	2026-08-18T19:42:46Z
cluster_5/e628b8bd-b4de-4368-b30d-ae210cbe2f82.png	Yes	Dylan	2026-08-18T19:42:48Z
cluster_5/ea4e1da1-d7de-4518-a4ae-37203b98b0eb.png	No	Dylan	2026-08-18T19:42:58Z
cluster_5/ecb6260a-f135-4634-9f7d-234c0f97c024.png	No	Dylan	2026-08-18T19:43:02Z
cluster_5/f1abc4f5-1a81-43cc-8923-8bec2b065ec4.png	No	Dylan	2026-08-18T19:43:17Z
cluster_5/febe34d7-f9e7-428c-a196-a623a23f7c5b.png	No	Dylan	2026-08-18T19:43:37Z
cluster_5/ff0ac325-9552-418b-a5e6-cf8c1d18b46a.png	Yes	Dylan	2026-08-18T19:43:49Z
cluster_5/ff13fe5a-7a4d-471b-b0e3-afbf01c71c75.png	Yes	Dylan	2026-08-18T19:44:03Z
cluster_7/0503af64-b652-4cf9-9dda-7c9dfbcdb00b.png	No	Dylan	2026-08-18T19:47:02Z
cluster_7/058b1ef7-000c-480d-bb08-462369e8d1b1.png	No	Dylan	2026-08-18T19:47:19Z
cluster_7/089c40db-7e38-4bd4-ac7f-66e7db6f4f0c.png	No	Dylan	2026-08-18T19:47:27Z
cluster_7/0a1737f7-a073-426e-9e27-2a3373768bad.png	Yes	Dylan	2026-08-18T19:47:34Z
cluster_7/0a8d304d-a8c5-4d3c-b3dd-e70023a8743e.png	Uninformative	Dylan	2026-08-18T19:47:35Z
cluster_7/0aaf8780-2bb8-4b53-b9ce-911013c8ef9a.png	Yes	Dylan	2026-08-18T19:48:05Z
cluster_7/0b3c5db7-4a97-4299-adc8-bca2bfaeae7b.png	No	Dylan	2026-08-18T19:48:17Z
cluster_7/0d466f07-9444-4f89-ac36-bbb8882239f3.png	No	Dylan	2026-08-18T19:48:28Z
cluster_7/0e32406d-5f26-42fd-a346-da8eb860238a.png	Yes	Dylan	2026-08-18T19:48:36Z
cluster_7/0f55a4f5-e6c2-4784-93d0-fc0d309b72b8.png	No	Dylan	2026-08-18T19:49:01Z
cluster_7/1054b428-37d1-481f-becc-b1fef318c404.png	No	Dylan	2026-08-18T19:49:05Z
cluster_7/105cf6a3-9a88-4d50-abed-e0ddc70aa78e.png	Uninformative	Dylan	2026-08-18T19:49:43Z
cluster_7/1078bde4-a3ac-4571-a2db-61fde90b14ba.png	Uninformative	Dylan	2026-08-18T19:49:44Z
cluster_7/12f656cb-8994-4773-96a8-5599ffc7da38.png	No	Dylan	2026-08-18T19:49:55Z
cluster_7/13267779-4e63-454f-b380-fe120679a88b.png	Yes	Dylan	2026-08-18T19:50:00Z
cluster_7/140304d5-b7ad-40e0-a883-ba87021e74ed.png	No	Dylan	2026-08-18T19:50:29Z
cluster_7/16f14f85-0ef4-4e3b-8254-75fd7d0eee3f.png	No	Dylan	2026-08-18T19:50:38Z
cluster_7/17225194-acf3-4bd6-8634-a15c2bb77c69.png	Uninformative	Dylan	2026-08-18T19:50:57Z
cluster_7/17d76295-719a-46ab-a78d-c99424ae6c16.png	No	Dylan	2026-08-18T19:51:05Z
cluster_7/187a2861-b7e9-4f8c-ba28-a76f326374a0.png	No	Dylan	2026-08-18T19:51:10Z
cluster_7/19223dd7-1167-4a55-9a11-0506e3b41901.png	No	Dylan	2026-08-18T19:51:14Z
cluster_7/192b5155-43fb-4278-b315-6c97333539e8.png	Yes	Dylan	2026-08-18T19:51:25Z
cluster_7/1c7b6a57-3b20-4665-b25e-f76eb91d16f4.png	No	Dylan	2026-08-18T19:51:34Z
cluster_7/1e74be0f-c61a-4fe0-8d80-14269c95dd2d.png	No	Dylan	2026-08-18T19:51:39Z
cluster_7/20d5a18c-e211-487b-b957-75a0cc5f3f5e.png	Uninformative	Dylan	2026-08-18T19:51:40Z
cluster_7/21d1d69b-ff02-468f-b237-0852f92caaf8.png	Yes	Dylan	2026-08-18T19:51:49Z
cluster_7/21f1c090-bbd9-4db0-bc95-3b371e97c119.png	No	Dylan	2026-08-18T19:52:23Z
cluster_7/22e41a68-301b-4a35-a24f-4d5725333a37.png	No	Dylan	2026-08-18T19:52:31Z
cluster_7/284f25b7-1565-4f15-8e7b-1e2bd05c601a.png	No	Dylan	2026-08-18T19:52:47Z
cluster_7/28b300d3-53bd-429b-b4dd-74def6b635bc.png	No	Dylan	2026-08-18T19:53:00Z
cluster_7/29bc9927-80fd-4d62-acef-5abe5c40934e.png	No	Dylan	2026-08-18T19:53:06Z
cluster_7/2a3a992a-f782-4dac-abcd-e1436de991c3.png	Uninformative	Dylan	2026-08-18T19:53:13Z
cluster_7/2b3c27f7-bc32-4a49-9617-9682b9aa19fe.png	Yes	Dylan	2026-08-18T19:53:14Z
cluster_7/2d56ddd2-b440-46d6-8c7f-1bd88f521548.png	No	Dylan	2026-08-18T19:53:23Z
cluster_7/2dc1d083-a440-4aa6-9bed-6d0373fc694a.png	No	Dylan	2026-08-18T19:53:37Z
cluster_7/300c6b67-e6aa-4eb7-b03a-4e4b50a163c6.png	No	Dylan	2026-08-18T19:53:57Z
cluster_7/310ee897-b88c-4777-8185-7536d4b8a899.png	No	Dylan	2026-08-18T19:54:03Z
cluster_7/3188d4fa-ca57-4afc-8895-4f436ac1a0c1.png	No	Dylan	2026-08-18T19:54:29Z
cluster_7/31bd16c9-9a8d-4524-99c0-5362c20caa15.png	Yes	Dylan	2026-08-18T19:54:41Z
cluster_7/323e20c1-b7b8-4080-9b12-0e12ecbc9637.png	Uninformative	Dylan	2026-08-18T19:54:42Z
cluster_7/33372dfe-4d76-48a8-bff1-bd0a8bff0a97.png	No	Dylan	2026-08-18T19:54:57Z
cluster_7/344ef1f3-ee83-4f9a-ab61-440e00fa8ca7.png	No	Dylan	2026-08-18T19:55:07Z
cluster_7/35027e87-5301-4c7a-b793-0a598cba7ee6.png	No	Dylan	2026-08-18T19:55:09Z
cluster_7/37748877-8aca-4de0-b854-ca57b50bf4cc.png	No	Dylan	2026-08-18T19:55:24Z
cluster_7/3f005c54-eae9-4ecf-8c7a-4f52bcffccaf.png	No	Dylan	2026-08-18T19:55:32Z
cluster_7/4158be99-ee19-4e9d-b9ea-778481f6228e.png	Uninformative	Dylan	2026-08-18T19:55:46Z
cluster_7/417b103b-92aa-4ad3-953d-da8fb1d36294.png	No	Dylan	2026-08-18T19:55:55Z
cluster_7/41bd41c4-3327-4433-bcef-6bfc9002c1db.png	Yes	Dylan	2026-08-18T19:56:16Z
cluster_7/43bda323-2347-45d7-8010-c048fb81cbb1.png	No	Dylan	2026-08-18T19:56:20Z
cluster_7/44c5640b-c49a-44ba-91bf-e76b1d7f5c33.png	No	Dylan	2026-08-18T19:56:23Z
cluster_7/4552dcb9-78c2-4c95-a86b-b23d2723a566.png	No	Dylan	2026-08-18T19:56:28Z
cluster_7/45a5e0a4-c60f-4ed8-90fd-a3557468c800.png	Uninformative	Dylan	2026-08-18T19:56:32Z
cluster_7/4785a176-3d83-4200-866e-c38a00444896.png	Yes	Dylan	2026-08-18T19:56:37Z
cluster_7/4882b971-498a-4d18-8d6e-66b9b8bb2838.png	No	Dylan	2026-08-18T19:56:41Z
cluster_7/49d34559-dac8-491f-a583-84797fa95b0d.png	No	Dylan	2026-08-18T19:57:33Z
cluster_7/4c8cae16-789d-41e3-af40-bea3cfe77ab9.png	No	Dylan	2026-08-18T19:58:18Z
cluster_7/50eba109-c9dc-43d7-a85a-01823e0bc093.png	No	Dylan	2026-08-18T19:58:18Z
cluster_7/513eb7ef-889d-421f-b8a8-7859a8b36057.png	No	Dylan	2026-08-18T20:02:01Z
cluster_7/51c10d9e-6f4b-429a-9f31-1bbc6625d9dd.png	Yes	Dylan	2026-08-18T20:02:06Z
cluster_7/553488d0-1190-449b-a878-9b496058cec3.png	Uninformative	Dylan	2026-08-18T20:02:09Z
cluster_7/56969df5-cb1e-4d01-a3a4-d5f81c35834b.png	Uninformative	Dylan	2026-08-18T20:02:57Z
cluster_7/5bed90cd-892d-4a8f-9b5a-094fe855b652.png	Yes	Dylan	2026-08-18T20:03:04Z
cluster_7/5c38ff5f-d668-4f37-9a79-d550a1a31e60.png	Uninformative	Dylan	2026-08-18T20:03:22Z
cluster_7/600a1af9-a9c6-4850-8781-7f451548b4fa.png	No	Dylan	2026-08-18T20:03:40Z
cluster_7/60f35816-2282-484a-9a8c-46157be3e8e2.png	No	Dylan	2026-08-18T20:03:47Z
cluster_7/61206152-9d5d-4f87-b078-3b79ee42ba43.png	No	Dylan	2026-08-18T20:04:02Z
cluster_7/61bfbe1a-c3ca-40e9-a9aa-3a608baa4d0a.png	No	Dylan	2026-08-18T20:04:09Z
cluster_7/62a7ccf6-5be0-4c6e-ae1d-623886560a07.png	Yes	Dylan	2026-08-18T20:04:29Z
cluster_7/62afcead-64c6-4684-919a-f778a115f758.png	No	Dylan	2026-08-18T20:04:41Z
cluster_7/63e3017f-6b87-4d44-8852-52b33a207ecb.png	No	Dylan	2026-08-18T20:04:45Z
cluster_7/64da3092-909f-4c25-a1ca-833290226e04.png	Yes	Dylan	2026-08-18T20:05:03Z
cluster_7/66b98096-1d25-4b4d-bdd0-2698c097a800.png	Yes	Dylan	2026-08-18T20:05:04Z
cluster_7/68a2c0df-372a-4d5e-9c12-35e198ff13c0.png	No	Dylan	2026-08-18T20:05:22Z
cluster_7/6967524b-ce1d-4fef-9b10-5b751d43cbde.png	Yes	Dylan	2026-08-18T20:06:12Z
cluster_7/6abe36f0-44a5-4c33-9b4d-34952820263e.png	No	Dylan	2026-08-18T20:06:17Z
cluster_7/6e2e343c-0477-43ab-8dd1-a5eceee0b62a.png	No	Dylan	2026-08-18T20:06:36Z
cluster_7/6ea3d5fc-231c-4fc5-9e5d-ad398fe514dd.png	No	Dylan	2026-08-18T20:06:38Z
cluster_7/6f4c9073-ae79-4473-a4df-be803f9bfa27.png	No	Dylan	2026-08-18T20:06:40Z
cluster_7/71437ee5-4d29-4feb-b2e6-c1202f6d952a.png	No	Dylan	2026-08-18T20:06:59Z
cluster_7/7359c81c-bd88-4792-a102-a6e39e89a44e.png	Uninformative	Dylan	2026-08-18T20:07:00Z
cluster_7/736cd6c2-2886-413c-8116-39d3c8318235.png	No	Dylan	2026-08-18T20:07:14Z
cluster_7/739ae343-525f-45b1-949c-9e05e26ea78f.png	No	Dylan	2026-08-18T20:07:37Z
cluster_7/746fc9ce-1233-4ae1-8458-5a38f5b855c9.png	No	Dylan	2026-08-18T20:07:43Z
cluster_7/751f8b7e-4e8c-4441-ba33-55672614058b.png	Yes	Dylan	2026-08-18T20:08:05Z
cluster_7/76229be2-e321-4013-8bf8-1e074a8907c7.png	No	Dylan	2026-08-18T20:08:15Z
cluster_7/771b5b33-3e6c-48e7-bfb2-f79e78d375bf.png	No	Dylan	2026-08-18T20:08:26Z
cluster_7/774d647f-5493-4d14-8568-d227b6ad74ea.png	No	Dylan	2026-08-18T20:08:27Z
cluster_7/7956e4ab-53b7-4f0b-a9aa-31a4954348d0.png	Yes	Dylan	2026-08-18T20:08:40Z
cluster_7/7962372b-4417-4e66-b3a7-3f54b6239b84.png	No	Dylan	2026-08-18T20:08:47Z
cluster_7/7a2f4c08-3826-4844-a481-df87aada7973.png	No	Dylan	2026-08-18T20:09:00Z
cluster_7/7a6df00a-1c11-48da-9b6a-d04e26c4291a.png	Uninformative	Dylan	2026-08-18T20:09:01Z
cluster_7/7ad0bced-5018-43c4-9312-865e24260bc5.png	Yes	Dylan	2026-08-18T20:09:13Z
cluster_7/7ba259d6-bd1b-47c1-8a3a-3e68caf5481f.png	Uninformative	Dylan	2026-08-18T20:09:15Z
cluster_7/7c23119c-94fc-4584-8290-c5512d18eaae.png	Yes	Dylan	2026-08-18T20:10:05Z
cluster_7/7cb51ad3-ba19-4729-94ee-de5e6c3ef366.png	No	Dylan	2026-08-18T20:10:14Z
cluster_7/7e7b19ee-da2c-4c1d-92d8-6bf8696a16c3.png	No	Dylan	2026-08-18T20:10:22Z
cluster_7/8062843a-fdc6-403b-91c4-a4d12a5b1707.png	No	Dylan	2026-08-18T20:10:34Z
cluster_7/834abf4f-647c-4fa1-8d81-0d192c4d216c.png	Yes	Dylan	2026-08-18T20:10:37Z
cluster_7/85013ba7-ef75-4653-909d-76ae5a72aa91.png	No	Dylan	2026-08-18T20:10:40Z
cluster_7/853e2036-8f40-49f6-9959-81337fdd88cc.png	Uninformative	Dylan	2026-08-18T20:10:41Z
cluster_7/859049c6-78dc-4114-8b3c-ea5669b5953e.png	Yes	Dylan	2026-08-18T20:10:51Z
cluster_7/85fcbd4c-105e-4930-9daf-42d60043f839.png	No	Dylan	2026-08-18T20:11:02Z
cluster_7/8669cf46-b7ff-4138-b636-6fe295db442d.png	Uninformative	Dylan	2026-08-18T20:11:14Z
cluster_7/87e3f91e-8930-49aa-933f-cf6f277df753.png	Yes	Dylan	2026-08-18T20:12:06Z
cluster_7/88149f28-e887-4237-9b88-0641f6ca3152.png	No	Dylan	2026-08-18T20:12:30Z
cluster_7/88665dd9-756a-48fc-92d0-ba3e2337df68.png	No	Dylan	2026-08-18T20:12:49Z
cluster_7/8889294b-909a-4ec4-a3b2-5ea6c92e5f15.png	Uninformative	Dylan	2026-08-18T20:12:50Z
cluster_7/88cc0375-c290-4bd5-8c03-12c3a6733237.png	Uninformative	Dylan	2026-08-18T20:12:52Z
cluster_7/89a4a2d1-148b-4767-85d9-d6666785b4ae.png	No	Dylan	2026-08-18T20:13:10Z
cluster_7/89fc5e40-881d-4833-8f4c-ec3594911f67.png	Yes	Dylan	2026-08-18T20:13:12Z
cluster_7/8af53a22-e33e-4077-b523-47fe1726862b.png	No	Dylan	2026-08-18T20:13:14Z
cluster_7/8b2309fa-3820-416d-8e16-5d9e3f3d658e.png	Yes	Dylan	2026-08-18T20:13:31Z
cluster_7/8f7c0810-839c-44e5-99d4-3748a9a4e23c.png	No	Dylan	2026-08-18T20:13:44Z
cluster_7/932b28f7-f369-4ed7-a062-f4f65422f073.png	No	Dylan	2026-08-18T20:13:54Z
cluster_7/948ee308-28b0-4808-9fd3-39396d25fd48.png	No	Dylan	2026-08-18T20:14:11Z
cluster_7/95fd4b04-2f11-4091-8fec-b10b764ed7e3.png	No	Dylan	2026-08-18T20:14:14Z
cluster_7/99ac5d2f-8e83-48dc-86ca-291dd8f97a2b.png	Yes	Dylan	2026-08-18T20:14:18Z
cluster_7/9b01ea5b-eb7f-4096-ac3c-7c692fa91fa1.png	Uninformative	Dylan	2026-08-18T20:14:19Z
cluster_7/9cbd8ed1-fdc2-4a3a-b48c-10cc3446b40b.png	Uninformative	Dylan	2026-08-18T20:14:20Z
cluster_7/9d4fe1bb-8b3f-478f-974d-74d0a7093dfb.png	Uninformative	Dylan	2026-08-18T20:15:39Z
cluster_1/008ebc79-0523-4d4f-b800-aab49fae91f4.png	No	Eliz	2026-08-18T18:54:16Z
cluster_1/0101d160-3426-4929-91df-2e11b5eaea91.png	Yes	Eliz	2026-08-18T18:55:36Z
cluster_1/088d80f1-8259-4265-9e9a-3f3b3ada4e61.png	No	Eliz	2026-08-18T18:56:44Z
cluster_1/0d19efde-7f5f-40ca-a77b-4df180e427f5.png	No	Eliz	2026-08-18T18:56:54Z
cluster_1/0dc381df-f04b-4b43-8c53-42fdda56de01.png	No	Eliz	2026-08-18T18:57:14Z
cluster_1/0f36579d-1294-4d4f-85a6-19ee54fb8cff.png	No	Eliz	2026-08-18T18:57:49Z
cluster_1/1109c661-1383-4343-a4b7-86adb8c1a46f.png	No	Eliz	2026-08-18T18:58:22Z
cluster_1/0162b8d5-6278-4f98-b9d2-0887ca60cf9e.png	Yes	Eliz	2026-08-18T18:58:45Z
cluster_1/03d21060-21d3-486f-a1de-8c50c076639b.png	Yes	Eliz	2026-08-18T18:58:55Z
cluster_1/050a08b5-451b-4ec9-b081-423a4c8f17ea.png	Yes	Eliz	2026-08-18T18:59:28Z
cluster_1/11151957-d379-46d2-94da-a9464baf23a5.png	Yes	Eliz	2026-08-18T18:59:48Z
cluster_1/16c0c7d7-33d2-4a69-b92a-d18719229a8d.png	No	Eliz	2026-08-18T19:03:09Z
cluster_1/17594bf6-cba5-4773-9332-b4b84a8cb662.png	No	Eliz	2026-08-18T19:03:43Z
cluster_1/1883801f-97ba-4ade-91ba-e180ffcf4389.png	Yes	Eliz	2026-08-18T19:06:27Z
cluster_1/1a457610-be2e-42fa-86d2-912b8be1bb2c.png	Yes	Eliz	2026-08-18T19:07:26Z
cluster_1/1c3752ec-05a0-406a-b9c5-9c5af2dc36bd.png	No	Eliz	2026-08-18T19:07:39Z
cluster_1/1d1e6a02-efb1-4351-a8c1-330538b722c8.png	No	Eliz	2026-08-18T19:13:50Z
cluster_1/1e2680d9-00cd-4ced-b280-dea30933ef31.png	No	Eliz	2026-08-18T19:15:29Z
cluster_1/1e29c536-c521-40a2-aa37-6e83a5e7897c.png	No	Eliz	2026-08-18T19:15:52Z
cluster_1/1ef432a9-e570-4d1f-a735-9856cfa4d934.png	Uninformative	Eliz	2026-08-18T19:16:48Z
cluster_1/1f1fff06-6402-4e0c-8e2e-7ccfaf0c981f.png	Yes	Eliz	2026-08-18T19:18:29Z
cluster_1/20916047-02e0-4f96-be6e-59d28a20379a.png	Yes	Eliz	2026-08-18T19:18:48Z
cluster_1/20b7d869-7f5e-4e80-aa12-821dcc874008.png	No	Eliz	2026-08-18T19:19:04Z
cluster_1/224bd29b-6ffc-492f-a832-7f20be7665b3.png	No	Eliz	2026-08-18T19:19:31Z
cluster_1/23a2923d-735b-4786-b7d1-f767527bb325.png	No	Eliz	2026-08-18T19:19:46Z
cluster_1/2991a12d-4380-41ff-9a33-b07c0873b4d7.png	No	Eliz	2026-08-18T19:19:59Z
cluster_1/2d8f978c-df05-4566-8209-83bccc84afbd.png	No	Eliz	2026-08-18T19:20:17Z
cluster_1/2f89110f-65b0-4fc2-9e45-bd6bb97b01b9.png	No	Eliz	2026-08-18T19:20:29Z
cluster_1/2ffe84d3-9890-4896-9f6e-bfcb29723f70.png	No	Eliz	2026-08-18T19:20:45Z
cluster_1/30979abe-32d6-48fa-9971-7da6117bb58b.png	No	Eliz	2026-08-18T19:21:03Z
cluster_1/3199b68e-23fa-49fc-aea5-b1c483196565.png	No	Eliz	2026-08-18T19:21:11Z
cluster_1/32261859-6602-46fe-b887-d48bdcce1cc3.png	Yes	Eliz	2026-08-18T19:21:37Z
cluster_1/32c88931-e17b-481a-b819-1dc0b15e452c.png	No	Eliz	2026-08-18T19:22:07Z
cluster_1/34daaeb5-b6d3-4b28-8264-8094490e5e9d.png	Yes	Eliz	2026-08-18T19:22:46Z
cluster_1/36e51a34-c712-4b48-8040-5adeb4406f5e.png	Yes	Eliz	2026-08-18T19:23:12Z
cluster_1/36e51a34-c712-4b48-8040-5adeb4406f5e.png	No	Eliz	2026-08-18T19:23:16Z
cluster_1/39ea9cf2-697c-44df-ab5d-1371ed807454.png	No	Eliz	2026-08-18T19:23:30Z
cluster_1/3abba69f-4142-4d95-98f1-3c0b9d6c831d.png	No	Eliz	2026-08-18T19:23:36Z
cluster_1/3b02ad63-c18f-4cbb-9ebb-a5445df99040.png	No	Eliz	2026-08-18T19:24:16Z
cluster_1/3fa91dcf-2d85-45ad-a9bf-ca06b79b5f67.png	Yes	Eliz	2026-08-18T19:24:55Z
cluster_1/413c2b46-ce1b-4a0b-867d-180d2476aa9f.png	No	Eliz	2026-08-18T19:25:11Z
cluster_1/43965d85-28f8-4f39-817c-7e1c624993f2.png	Yes	Eliz	2026-08-18T19:26:26Z
cluster_1/4409093f-5f9f-4425-8556-42c7a40a4117.png	No	Eliz	2026-08-18T19:26:42Z
cluster_1/44b21aa2-ad0c-40fd-a091-d07f50482dd6.png	No	Eliz	2026-08-18T19:27:04Z
cluster_1/44f26cb0-8e8f-44de-b200-d40897e48843.png	No	Eliz	2026-08-18T19:27:15Z
cluster_1/45c53a7e-b45e-4a3c-a17c-a6ee74e95ac9.png	No	Eliz	2026-08-18T19:27:47Z
cluster_1/479a20ab-df96-4bbd-889e-84925f12463b.png	Yes	Eliz	2026-08-18T19:28:08Z
cluster_1/47a88fb4-fe3d-48df-8948-fb71bf438c68.png	Uninformative	Eliz	2026-08-18T19:28:58Z
cluster_1/4985d0aa-f8d8-441e-a657-19ea33bdaada.png	Yes	Eliz	2026-08-18T19:29:21Z
cluster_1/4c4ab38c-d835-4710-8c07-a79e82b71be1.png	Yes	Eliz	2026-08-18T19:29:33Z
cluster_1/4e168757-5c54-456a-a896-fa79fcb1cb8d.png	No	Eliz	2026-08-18T19:29:43Z
cluster_1/4e51847d-26b9-4cbb-bbac-781ecc6c0454.png	No	Eliz	2026-08-18T19:29:54Z
cluster_1/53fd82b5-115f-4ba1-adab-f434d88ffc38.png	No	Eliz	2026-08-18T19:30:07Z
cluster_1/54227e90-602f-446b-8505-2e3505b89a8c.png	No	Eliz	2026-08-18T19:30:18Z
cluster_1/547018bc-9d46-4749-a7b3-d57d5d7ee6e4.png	Yes	Eliz	2026-08-18T19:30:33Z
cluster_1/5aad2646-97f5-429d-9e59-554cd645a36d.png	No	Eliz	2026-08-18T19:30:57Z
cluster_1/5c8be957-0cb4-44bb-927d-f52b20fc431c.png	Uninformative	Eliz	2026-08-18T19:33:10Z
cluster_1/5d256985-cc88-440d-a46e-a1580d1d0241.png	Yes	Eliz	2026-08-18T19:33:32Z
cluster_1/5d47dede-43a0-4acc-8626-1170ce94b6ae.png	No	Eliz	2026-08-18T19:34:04Z
cluster_1/61521e72-afa5-4c3f-b78c-57879d3e722f.png	Yes	Eliz	2026-08-18T19:34:24Z
cluster_1/63c39aa7-b746-444f-b0a7-a16963c0bd22.png	No	Eliz	2026-08-18T19:35:31Z
cluster_1/67649919-0b29-4a1b-888d-b37a0e32d210.png	No	Eliz	2026-08-18T19:36:20Z
cluster_1/6800d5de-33b0-4bae-8c97-905841afac11.png	Yes	Eliz	2026-08-18T19:37:05Z
cluster_1/68660ff7-7c82-43dd-9c59-2a1c9e3f0c82.png	No	Eliz	2026-08-18T19:37:13Z
cluster_1/69c560f8-2c86-48e9-95ae-9f4a101f19cc.png	Yes	Eliz	2026-08-18T19:37:55Z
cluster_1/6a3db049-864f-4fcf-af5c-ef9e649adbea.png	Yes	Eliz	2026-08-18T19:38:33Z
cluster_1/6a7e28c6-ca4a-4abe-8dfa-4cae43e5d358.png	Yes	Eliz	2026-08-18T19:39:03Z
cluster_1/6abb5ce2-f4cd-4820-a23e-a44cef01976f.png	No	Eliz	2026-08-18T19:39:14Z
cluster_1/6d6b74c5-2a99-441a-98e4-a701df0c08e1.png	No	Eliz	2026-08-18T19:39:20Z
cluster_1/6eb2d7e1-b960-4c38-bad3-cf2dfee0be47.png	Yes	Eliz	2026-08-18T19:39:37Z
cluster_1/6ec293cb-46a4-4a8b-a532-feff46823037.png	No	Eliz	2026-08-18T19:39:45Z
cluster_1/7bfb5d46-faf6-44bf-9ab3-89d065aefdf6.png	Yes	Eliz	2026-08-18T19:39:53Z
cluster_1/7c51e409-ebbb-4114-89ec-5c5df632111d.png	Yes	Eliz	2026-08-18T19:41:00Z
cluster_1/7d0d36f5-1be0-43b3-b132-270df4f6b6ea.png	No	Eliz	2026-08-18T19:41:16Z
cluster_1/7d754ff4-e6f9-4122-8855-bbd7160fd010.png	No	Eliz	2026-08-18T19:41:26Z
cluster_1/812b9777-b018-4701-ac7d-7796d08053f5.png	No	Eliz	2026-08-18T19:41:33Z
cluster_1/822baf8c-2f73-4fc5-97bc-07cd7b97618e.png	No	Eliz	2026-08-18T19:41:36Z
cluster_1/832c54b1-9718-4d4b-adde-ffe915cba7f2.png	Yes	Eliz	2026-08-18T19:42:44Z
cluster_1/844b673c-1d84-480e-b9de-7a1c11bbd810.png	No	Eliz	2026-08-18T19:42:54Z
cluster_1/84c37346-0cfd-4284-a18b-db9f7af368e6.png	Yes	Eliz	2026-08-18T19:43:10Z
cluster_1/86e053f1-d4e3-4992-85f2-d17e871efe04.png	Yes	Eliz	2026-08-18T19:43:22Z
cluster_1/873c523e-3b05-48cb-8089-046eaa480dd8.png	Uninformative	Eliz	2026-08-18T19:43:44Z
cluster_1/87999010-93d5-4153-8ca4-17f015395035.png	No	Eliz	2026-08-18T19:44:00Z
cluster_1/8a55dfd1-e0f8-4006-9bd3-f4ee368de868.png	Yes	Eliz	2026-08-18T19:44:12Z
cluster_1/8a601074-1748-4a1a-998c-908530b7f02e.png	No	Eliz	2026-08-18T19:44:28Z
cluster_1/8b988a9d-cce3-4c6e-9613-f716d6c034c4.png	No	Eliz	2026-08-18T19:44:32Z
cluster_1/8d0cd9c4-5e7d-4083-b130-9a920a634007.png	No	Eliz	2026-08-18T19:44:39Z
cluster_1/92263822-8871-4d5f-920d-7ffbaa660b77.png	No	Eliz	2026-08-18T19:45:00Z
cluster_1/95062aa8-88a5-405e-96db-2db06abd5f92.png	No	Eliz	2026-08-18T19:45:12Z
cluster_1/97fdb267-c407-4166-819b-faa4cef07025.png	Yes	Eliz	2026-08-18T19:45:36Z
cluster_1/9877f6f3-bd65-4d2b-80a6-7f88ce8f23a3.png	Yes	Eliz	2026-08-18T19:45:42Z
cluster_1/995bcf04-9cd4-49ad-8584-b0446aefb616.png	Yes	Eliz	2026-08-18T19:46:14Z
cluster_1/9ce6f66c-8ffe-4b98-b5f1-b3bbde4ddf64.png	No	Eliz	2026-08-18T19:46:17Z
cluster_1/9edd9c07-b307-48cb-8626-c45de328403f.png	No	Eliz	2026-08-18T19:46:24Z
cluster_1/9eee74a2-3370-476b-ad32-8af5418a9903.png	Yes	Eliz	2026-08-18T19:46:55Z
cluster_1/a398f954-90e7-46a3-b08f-0b4155754177.png	Yes	Eliz	2026-08-18T19:47:22Z
cluster_1/a3aee6db-8ec6-4431-b1a8-c50272cab38c.png	No	Eliz	2026-08-18T19:47:31Z
cluster_1/a58ad836-6ef4-48f0-9793-e1901fc3dc29.png	Yes	Eliz	2026-08-18T19:47:54Z
cluster_1/a99f18bf-6fb3-4a64-b840-a4b12d5dfd53.png	No	Eliz	2026-08-18T19:48:05Z
cluster_1/a9e3a0fa-2955-471b-887e-0f539765da75.png	No	Eliz	2026-08-18T19:48:12Z
cluster_1/aa1a7c6a-80cb-4203-b1fe-ac04823e232f.png	No	Eliz	2026-08-18T19:48:22Z
cluster_1/aac840a4-10bf-4323-993a-9ada3f38f806.png	No	Eliz	2026-08-18T19:48:40Z
cluster_1/ab05c868-d08d-4746-bc79-ec6ae78678fd.png	No	Eliz	2026-08-18T19:48:54Z
cluster_1/acd34b70-74d6-400a-9e95-b7b56bc984c7.png	Uninformative	Eliz	2026-08-18T19:49:32Z
cluster_1/ae311c9e-2440-4400-b4a9-f2ad5714a7ec.png	No	Eliz	2026-08-18T19:49:51Z
cluster_1/b4e1295a-2303-430b-96fc-b56e534533fe.png	No	Eliz	2026-08-18T19:50:01Z
cluster_1/b73cc348-f161-4841-a02a-1417808ad363.png	Yes	Eliz	2026-08-18T19:50:10Z
cluster_1/bb0c4ea7-6792-45cb-a13b-20148180641e.png	No	Eliz	2026-08-18T19:53:25Z
cluster_1/bc720ebe-3edb-424d-a8d4-def3502c7fb0.png	Yes	Eliz	2026-08-18T19:53:37Z
cluster_1/bca656f8-f527-4b3a-a069-525d8df0123c.png	No	Eliz	2026-08-18T19:53:53Z
cluster_1/bed72aa6-49f9-401b-bd52-f4b837ab7093.png	No	Eliz	2026-08-18T19:54:02Z
cluster_1/befec8de-76b3-4310-b02e-58562a0beb46.png	Yes	Eliz	2026-08-18T19:54:05Z
cluster_8/0045ce18-fe1a-48f0-aaa2-285445810d92.png	No	Eliz	2026-08-18T19:58:03Z
cluster_8/00861522-caaa-4f93-b285-afe25a1058c2.png	No	Eliz	2026-08-18T19:58:26Z
cluster_8/0202cda1-1f9a-4b7d-9ff8-ba598c1c7ee3.png	No	Eliz	2026-08-18T19:58:42Z
cluster_8/027fabe2-742e-4cf6-a163-a54aa96eb88e.png	Yes	Eliz	2026-08-18T20:09:59Z
cluster_8/05c08135-367f-4022-891c-16ee447497d4.png	No	Eliz	2026-08-18T20:10:25Z
cluster_8/0633cdd0-cdc0-4fb2-8fb9-3af1929264d4.png	Yes	Eliz	2026-08-18T20:10:34Z
cluster_8/07a876f4-b77f-429d-a668-8f884158693e.png	No	Eliz	2026-08-18T20:10:37Z
cluster_8/0815db23-ed8a-4247-84a1-697f27750882.png	Yes	Eliz	2026-08-18T20:11:32Z
cluster_8/082ba847-fb68-4e36-82e0-41fc5b9b5448.png	No	Eliz	2026-08-18T20:11:43Z
cluster_8/08a4f8f2-7a07-49c8-95d1-7b43e5e6b4a0.png	Uninformative	Eliz	2026-08-18T20:12:24Z
cluster_8/08c4bfb6-9a40-41cf-9432-50b205e87109.png	Uninformative	Eliz	2026-08-18T20:12:37Z
cluster_8/095e2afd-dc46-4837-943b-b57ef5f7c824.png	Yes	Eliz	2026-08-18T20:13:05Z
cluster_8/09e92eea-2043-4f8f-b422-d6c863f6898e.png	Yes	Eliz	2026-08-18T20:13:23Z
cluster_8/0a307f92-d103-4569-bfea-fba4e4b61150.png	Yes	Eliz	2026-08-18T20:13:40Z
cluster_8/0ac54bd1-b1b0-4752-8229-4aebe0843fd4.png	Yes	Eliz	2026-08-18T20:14:01Z
cluster_8/0aeb9012-24f4-420f-80de-f018ee506146.png	Yes	Eliz	2026-08-18T20:14:17Z
cluster_8/0b3d5ab9-31e4-429a-9e2f-22c1466df7b2.png	No	Eliz	2026-08-18T20:15:12Z
cluster_8/0e033942-9fea-45e2-b27b-53ba68df359d.png	No	Eliz	2026-08-18T20:15:31Z
cluster_8/0e07a11b-63ac-4304-95b6-83784f7036fb.png	Uninformative	Eliz	2026-08-18T20:17:36Z
cluster_8/0f6b42c3-a4cd-49c7-96ed-2a7de138dbd2.png	No	Eliz	2026-08-18T20:17:53Z
cluster_8/108b730b-919d-49c9-a8bf-74c5148c8f35.png	No	Eliz	2026-08-18T20:18:32Z
cluster_8/116bef60-3c70-44f2-8f2d-70e185424f2a.png	No	Eliz	2026-08-18T20:18:40Z
cluster_8/11d82df4-f800-4508-9933-2cb4854e9e67.png	Uninformative	Eliz	2026-08-18T20:18:46Z
cluster_8/12344219-a8df-44d9-95c1-f1bcaef9e128.png	Uninformative	Eliz	2026-08-18T20:18:47Z
cluster_8/12bdc1e5-1fc1-4073-bae9-55eedb5d2a6e.png	No	Eliz	2026-08-18T20:18:56Z
cluster_8/135c5ab1-045e-49bd-a9d8-4dcf5fe968e2.png	Uninformative	Eliz	2026-08-18T20:18:59Z
cluster_8/13779d61-eb04-4dd5-81cb-755f83980e58.png	No	Eliz	2026-08-18T20:19:12Z
cluster_8/150aae13-ee92-45ff-acc6-d8ce86b2a88d.png	No	Eliz	2026-08-18T20:19:30Z
cluster_8/15167429-ee50-4933-b7eb-4cf1996dc36d.png	Yes	Eliz	2026-08-18T20:19:35Z
cluster_8/169b2a38-70d0-41cd-a484-facc3d541e72.png	No	Eliz	2026-08-18T20:19:59Z
cluster_8/173957da-683a-4c9d-80bf-7db1bb22552a.png	Uninformative	Eliz	2026-08-18T20:20:10Z
cluster_8/1742cdec-4a21-42b5-96dc-97c7ce277a83.png	No	Eliz	2026-08-18T20:20:30Z
cluster_8/18315265-d02b-4fad-b117-54999691bd0c.png	Yes	Eliz	2026-08-18T20:20:52Z
cluster_8/18438256-61cb-4a6e-82c5-29664b0a6828.png	Yes	Eliz	2026-08-18T20:20:59Z
cluster_8/18e77545-8381-492e-84a0-3fe449c5fc9e.png	No	Eliz	2026-08-18T20:21:07Z
cluster_8/1901abd3-8283-4fce-8332-8b796935758e.png	No	Eliz	2026-08-18T20:21:16Z
cluster_8/1910f1c0-1455-43bf-9b89-25140925af38.png	Uninformative	Eliz	2026-08-18T20:21:18Z
cluster_8/19c0d93a-2ff1-42ae-8f13-9e87b6306abd.png	Yes	Eliz	2026-08-18T20:21:26Z
cluster_8/1a56bc48-18b0-4641-bde7-ea34c15d368d.png	No	Eliz	2026-08-18T20:21:50Z
cluster_8/1a7796e8-09c9-4cf4-8fc0-79c332c5fcf1.png	No	Eliz	2026-08-18T20:22:00Z
cluster_8/1b7369b1-fabb-43ce-8be2-957f5e80681d.png	Uninformative	Eliz	2026-08-18T20:22:16Z
cluster_8/1c63ea94-e075-4ec3-82e9-540b85ca1194.png	No	Eliz	2026-08-18T20:22:27Z
cluster_8/1c9feb3c-511b-44b2-bb9e-9c91b6f6f9cc.png	Yes	Eliz	2026-08-18T20:22:54Z
cluster_8/1d1f4eeb-30e3-4190-b843-991b12bb92e8.png	No	Eliz	2026-08-18T20:23:13Z
cluster_8/1d4c3ab8-5a6c-4d97-8b52-79642dfa8f3b.png	No	Eliz	2026-08-18T20:23:22Z
cluster_8/1d54bdd3-c708-4220-993a-61bf5edefd1a.png	Yes	Eliz	2026-08-18T20:23:35Z
cluster_8/1d72c7ac-3860-4c40-a76b-bb42574735b2.png	No	Eliz	2026-08-18T20:23:48Z
cluster_8/1de3b908-2358-48c6-9cf9-6174df05c993.png	No	Eliz	2026-08-18T20:23:55Z
cluster_8/1e130e6d-da6d-4a8e-9ce0-0a50c2847f3a.png	No	Eliz	2026-08-18T20:24:06Z
cluster_8/1e24826f-1556-42e9-a744-934aa1977572.png	Yes	Eliz	2026-08-18T20:24:20Z
cluster_8/1f190108-f63b-4873-9df6-258486ee96ba.png	Yes	Eliz	2026-08-18T20:24:41Z
cluster_8/1f4f93d2-3019-4a62-9707-837785d66959.png	Yes	Eliz	2026-08-18T20:25:06Z
cluster_8/2004522c-6404-4635-9947-f32efb3a70eb.png	Yes	Eliz	2026-08-18T20:25:14Z
cluster_8/201ffcb6-9765-40bf-8f52-652327999fde.png	Yes	Eliz	2026-08-18T20:25:27Z
cluster_8/20d469af-88d7-47e2-a13a-3047902afec6.png	Yes	Eliz	2026-08-18T20:25:30Z
cluster_8/22ac1f88-74b0-4f0b-b62c-6a07af914ff5.png	No	Eliz	2026-08-18T20:25:47Z
cluster_8/23968444-fd2a-4b19-ba0b-756b9e090754.png	Uninformative	Eliz	2026-08-18T20:25:54Z
cluster_8/23f53581-6200-4a18-a0f6-ee657e0ac307.png	No	Eliz	2026-08-18T20:26:11Z
cluster_8/248277a3-d164-4161-a181-420f2955834e.png	Yes	Eliz	2026-08-18T20:26:49Z
cluster_8/24db8aee-fced-457b-bd70-12a36992dfd9.png	Yes	Eliz	2026-08-18T20:27:06Z
cluster_8/25604d0c-35bd-45e0-a03f-04604ce4e12d.png	Yes	Eliz	2026-08-18T20:27:31Z
cluster_8/26367327-d849-41d7-aeb1-ee91dbc82336.png	No	Eliz	2026-08-18T20:28:02Z
cluster_8/265fcc7d-b055-43a5-a7a4-c62b95311479.png	Uninformative	Eliz	2026-08-18T20:28:34Z
cluster_8/268dbd3c-c962-422f-ab32-144e9f946443.png	Yes	Eliz	2026-08-18T20:28:52Z
cluster_8/274c4684-03a8-4089-af5d-19e2f7a6c18f.png	No	Eliz	2026-08-18T20:28:58Z
cluster_8/2b4a3cea-2268-4088-9661-11ca6ad282c7.png	Uninformative	Eliz	2026-08-18T20:29:16Z
cluster_8/2d677900-3ba5-427b-9952-da67e452283d.png	Yes	Eliz	2026-08-18T20:29:23Z
cluster_8/2dde8bb6-3473-4907-8434-8d54b307647d.png	No	Eliz	2026-08-18T20:29:40Z
cluster_8/2e11d875-fcac-44df-9ba3-6cbf87ebe5af.png	No	Eliz	2026-08-18T20:29:51Z
cluster_8/2f550860-fce3-4a72-b45f-1aad61355c5a.png	Uninformative	Eliz	2026-08-18T20:30:07Z
cluster_8/2fba010e-aed7-4cb1-b626-c72a105b3622.png	No	Eliz	2026-08-18T20:30:27Z
cluster_8/300418be-2e17-4f5a-b5d5-35df3795f21a.png	Yes	Eliz	2026-08-18T20:30:34Z
cluster_8/31344788-491b-4afe-b5a8-e225ceee5f0c.png	Yes	Eliz	2026-08-18T20:30:40Z
cluster_8/31ac0720-1b20-469d-b392-0ea5ec245bec.png	No	Eliz	2026-08-18T20:30:49Z
cluster_8/3272be11-11f2-4cbd-a819-8b18696589ca.png	No	Eliz	2026-08-18T20:31:01Z
cluster_8/32fde78d-3778-414b-9d08-c7e398dfa999.png	No	Eliz	2026-08-18T20:31:29Z
cluster_8/34702468-4972-47f5-be77-391e49ec87a9.png	Yes	Eliz	2026-08-18T20:31:46Z
cluster_8/356ae824-977c-4cbd-9042-f84c6592ed74.png	No	Eliz	2026-08-18T20:32:06Z
cluster_8/35a99174-652d-4194-82b7-8dea36a8bded.png	Uninformative	Eliz	2026-08-18T20:32:08Z
cluster_8/36f0d9e5-34c8-48ff-b2cd-322ed3a3896a.png	No	Eliz	2026-08-18T20:32:42Z
cluster_8/37c544ce-0e96-400b-a43a-35a68f4cdf60.png	Yes	Eliz	2026-08-18T20:32:52Z
cluster_8/3890895c-271f-4bf8-8e82-0af45743fef7.png	No	Eliz	2026-08-18T20:33:02Z
cluster_8/38cf973f-f6ca-4bbd-adaa-018b288ed75c.png	Yes	Eliz	2026-08-18T20:33:18Z
cluster_8/3901f7d9-b3aa-4853-b716-195298ef6a99.png	No	Eliz	2026-08-18T20:33:54Z
cluster_8/394a47ea-c551-4d72-994d-565b41bc5aee.png	No	Eliz	2026-08-18T20:34:16Z
cluster_8/3b731c6a-1603-4061-873e-550158890f3a.png	No	Eliz	2026-08-18T20:34:22Z
cluster_8/3bb5c6b8-bec1-41ff-af94-28b327723c48.png	Yes	Eliz	2026-08-18T20:34:46Z
cluster_8/3c1c9832-05bd-4496-bb7d-dce316385cd3.png	Yes	Eliz	2026-08-18T20:36:09Z
cluster_8/3e22552f-5e90-4702-8dcf-c7202ae888aa.png	Yes	Eliz	2026-08-18T20:36:39Z
cluster_8/3f996abd-e5b0-4722-b8a1-71884c29829a.png	No	Eliz	2026-08-18T20:37:03Z
cluster_8/40bf5f3f-247d-492e-a091-f6204e385323.png	No	Eliz	2026-08-18T20:37:20Z
cluster_8/418884af-77a3-4392-a2a5-d2bb46ddff05.png	No	Eliz	2026-08-18T20:37:31Z
cluster_8/418ee4bc-0d00-45d2-9450-77df791dbc8a.png	No	Eliz	2026-08-18T20:37:35Z
cluster_8/423d91d8-a759-4fb5-a96d-166549ca4415.png	No	Eliz	2026-08-18T20:37:52Z
cluster_8/4263ab6b-1b57-4b5a-9597-9de0092cbc20.png	No	Eliz	2026-08-18T20:37:54Z
cluster_8/42e4e899-0b2b-4856-8616-92e5800600b8.png	No	Eliz	2026-08-18T20:38:07Z
cluster_8/43d72e46-9eb7-4824-9ecc-f4bf9bfc0299.png	Yes	Eliz	2026-08-18T20:38:31Z
cluster_8/441cbc62-f4c1-4263-8030-28e2f36f2958.png	No	Eliz	2026-08-18T20:38:48Z
cluster_8/446037f3-58f9-4b4d-8a47-566f2458bacb.png	No	Eliz	2026-08-18T20:39:03Z
cluster_8/46a602a2-2631-4769-bf25-f24dd460985c.png	Yes	Eliz	2026-08-18T20:39:16Z
cluster_8/47fb3ed7-dc65-4cb3-bd16-cd893244165a.png	Yes	Eliz	2026-08-18T20:39:23Z
cluster_8/48474ea2-78e8-4bd7-b728-db2a61e5545f.png	No	Eliz	2026-08-18T20:39:36Z
cluster_4/001e9efa-ef4f-44a8-ad47-ccc949857f69.png	No	netzhang	2026-08-18T19:15:02Z
cluster_4/0159b17f-326d-4928-9156-a2d36a839138.png	No	netzhang	2026-08-18T19:15:19Z
cluster_4/022d64b3-6667-4194-8176-8bafd0329b9e.png	No	netzhang	2026-08-18T19:15:42Z
cluster_4/02cce0dd-dc3f-4dfc-aab3-628ec3594492.png	No	netzhang	2026-08-18T19:15:50Z
cluster_4/04679e99-d9e9-41d5-8dff-6728662c1cd5.png	No	netzhang	2026-08-18T19:16:14Z
cluster_4/05319e34-79c4-4bbc-8384-5d9927042ff7.png	Yes	netzhang	2026-08-18T19:16:35Z
cluster_4/065247f7-f1ac-4182-bc3c-032b9d4add52.png	Uninformative	netzhang	2026-08-18T19:16:42Z
cluster_4/08006957-11e4-4c3a-859c-0a9b5d5a0972.png	No	netzhang	2026-08-18T19:16:59Z
cluster_4/0908d0a8-bdd7-44ef-b6c9-b8f0ff2c416e.png	No	netzhang	2026-08-18T19:17:25Z
cluster_4/0933c46f-26e7-44f6-853a-79c37f5ca5eb.png	Yes	netzhang	2026-08-18T19:17:35Z
cluster_4/0951a4f5-eac3-49b1-b83c-c3ae421828f1.png	No	netzhang	2026-08-18T19:17:45Z
cluster_4/0a5a550f-b247-4a20-a635-7f69d438bafb.png	Yes	netzhang	2026-08-18T19:17:49Z
cluster_4/0ad1a95c-aa68-4ab4-bb85-076f0e0999c8.png	Uninformative	netzhang	2026-08-18T19:17:52Z
cluster_4/0b82586f-c49e-4240-a0a1-59030138c218.png	No	netzhang	2026-08-18T19:18:26Z
cluster_4/0b8390c4-ec43-4026-9564-5026cfa7b8cd.png	Yes	netzhang	2026-08-18T19:18:33Z
cluster_4/0bedbfab-32bb-4561-b326-982c179d82a3.png	No	netzhang	2026-08-18T19:19:05Z
cluster_4/0cc2559f-e5ac-4ca2-9d8b-d726658104dc.png	No	netzhang	2026-08-18T19:19:22Z
cluster_4/0dc99148-65c0-4304-9ef3-27c4a5b37d56.png	No	netzhang	2026-08-18T19:19:36Z
cluster_4/0efa7b92-bc46-4c18-9a8c-8c0854d6c88a.png	Yes	netzhang	2026-08-18T19:19:50Z
cluster_4/10229a97-c9ac-472d-9f4d-070b96e89a07.png	No	netzhang	2026-08-18T19:20:00Z
cluster_4/10e3520d-6864-4279-b378-8ed278055ce7.png	Uninformative	netzhang	2026-08-18T19:20:24Z
cluster_4/1182b975-d397-4d3e-ad2c-f5f24efb1848.png	Yes	netzhang	2026-08-18T19:20:27Z
cluster_4/127388f3-61bc-4ea7-914b-82154131859a.png	Yes	netzhang	2026-08-18T19:20:36Z
cluster_4/13101172-315c-4ba7-baac-01df13f1e1cb.png	Yes	netzhang	2026-08-18T19:20:42Z
cluster_4/138a9f86-bdb7-4acb-84ad-7fae832aca00.png	No	netzhang	2026-08-18T19:20:47Z
cluster_4/1562a7c2-f748-4da1-aaa6-73b96ec5be61.png	No	netzhang	2026-08-18T19:21:23Z
cluster_4/1612f895-5d6c-4e96-9b46-228e8f1dd261.png	Uninformative	netzhang	2026-08-18T19:21:29Z
cluster_4/16263ee1-03b7-4f20-b2c9-49c42c11f07b.png	No	netzhang	2026-08-18T19:21:47Z
cluster_4/1631f281-406d-4285-aa3d-0a03b8a9cd0c.png	No	netzhang	2026-08-18T19:22:11Z
cluster_4/18f7afab-3f85-4c81-861a-3a87f59a7dfa.png	Yes	netzhang	2026-08-18T19:22:15Z
cluster_4/1abbf2b7-c302-439c-b093-33b8463f6617.png	No	netzhang	2026-08-18T19:22:28Z
cluster_4/1df919b2-ee06-4f51-9bbb-cb440f8cc755.png	Yes	netzhang	2026-08-18T19:22:34Z
cluster_4/1e9bf6d8-433b-4883-b09e-480906fb96bd.png	Yes	netzhang	2026-08-18T19:22:42Z
cluster_4/20cd8a0e-e7c4-44e2-9501-17b6d2b1d2e0.png	Yes	netzhang	2026-08-18T19:22:48Z
cluster_4/21aa1e94-c7b5-41a5-9d4c-fb382ff33504.png	No	netzhang	2026-08-18T19:22:55Z
cluster_4/223c35a7-2424-49d3-bcb0-1620ad9af5af.png	No	netzhang	2026-08-18T19:23:09Z
cluster_4/22924f1b-049c-4947-bade-4cb4ea64927f.png	Yes	netzhang	2026-08-18T19:23:22Z
cluster_4/236068db-6189-46a1-afdc-f62e993d51d7.png	No	netzhang	2026-08-18T19:23:36Z
cluster_4/248cb3cc-1947-4802-8746-dbfed2b21d54.png	No	netzhang	2026-08-18T19:23:49Z
cluster_4/2639e4bc-aad0-475e-a897-8a5477314cf5.png	No	netzhang	2026-08-18T19:23:54Z
cluster_4/26501378-65a5-495c-8e9a-c5981c395ffc.png	Yes	netzhang	2026-08-18T19:23:59Z
cluster_4/275c51e6-0404-48a3-8ea0-f84934073066.png	No	netzhang	2026-08-18T19:24:08Z
cluster_4/27c1dbd3-0d44-4bcb-a839-aee7bab93b5a.png	No	netzhang	2026-08-18T19:24:21Z
cluster_4/2d2ae518-80aa-4672-a2fa-15e246fa3759.png	No	netzhang	2026-08-18T19:24:34Z
cluster_4/2fdb914e-bc06-42eb-860c-521a678a77b5.png	No	netzhang	2026-08-18T19:24:39Z
cluster_4/3044b0eb-f218-49c2-9002-b7fc348db1fa.png	Yes	netzhang	2026-08-18T19:24:48Z
cluster_4/316f7579-4295-488a-a994-4322148758d6.png	No	netzhang	2026-08-18T19:25:02Z
cluster_4/31ea4392-76e0-404e-92ab-bb1d885c153e.png	Yes	netzhang	2026-08-18T19:26:16Z
cluster_4/323637f5-051e-49d8-bd87-6ffe37f376ea.png	No	netzhang	2026-08-18T19:26:29Z
cluster_4/3438c6fb-3c28-411f-bea8-d15fca2684fd.png	Yes	netzhang	2026-08-18T19:26:51Z
cluster_4/343efc5f-5bd2-4883-9771-503a2165a6a7.png	No	netzhang	2026-08-18T19:27:00Z
cluster_4/3550e0e4-e256-41ba-bda5-4266c6a2b024.png	No	netzhang	2026-08-18T19:27:14Z
cluster_4/38059a26-4027-4cb5-bdf8-c69a5c8a9384.png	No	netzhang	2026-08-18T19:27:30Z
cluster_4/38f2624e-58d4-49ec-8b2f-950bca398336.png	No	netzhang	2026-08-18T19:27:58Z
cluster_4/38fa4776-3d1b-4709-81f8-8ad107d80f74.png	No	netzhang	2026-08-18T19:28:13Z
cluster_4/395a1e17-c2ee-49af-8a87-d23f3a5b744a.png	No	netzhang	2026-08-18T19:28:26Z
cluster_4/3a62a675-d353-4b01-a976-fb2936440e93.png	Yes	netzhang	2026-08-18T19:28:31Z
cluster_4/3c3ec6db-6c7a-4dd7-ae63-2052028b5578.png	Yes	netzhang	2026-08-18T19:28:34Z
cluster_4/3c740485-b204-42f3-a969-251787e1c954.png	No	netzhang	2026-08-18T19:28:37Z
cluster_4/3e323950-e830-4c5d-8b25-b1ea6d4b3e9e.png	Yes	netzhang	2026-08-18T19:28:39Z
cluster_4/3fc65199-0145-46d0-9e89-7a530e95491f.png	Yes	netzhang	2026-08-18T19:28:42Z
cluster_4/401b9fc5-f647-4f9d-976a-37f5248f1521.png	Yes	netzhang	2026-08-18T19:28:57Z
cluster_4/42015258-a2c0-4a28-890e-a31e4393b5f2.png	No	netzhang	2026-08-18T19:29:02Z
cluster_4/43132e5e-0fbd-47cc-8b87-cd4746781e31.png	Yes	netzhang	2026-08-18T19:29:06Z
cluster_4/433e5c8b-794a-4542-8f82-260e5d8eb877.png	No	netzhang	2026-08-18T19:29:29Z
cluster_4/44098fa3-63e8-4b70-8f8c-91e50a867b39.png	No	netzhang	2026-08-18T19:29:36Z
cluster_4/4440a4f4-d82c-4cab-b8aa-4eab81dc5a70.png	Yes	netzhang	2026-08-18T19:29:57Z
cluster_4/451d13ee-c96e-46f8-8e9e-a41129369b94.png	No	netzhang	2026-08-18T19:30:07Z
cluster_4/45ea2eaa-2533-4aa2-8373-f1fbc581536a.png	Yes	netzhang	2026-08-18T19:30:09Z
cluster_4/46874d0f-93ed-41aa-8a6a-77d7bd4754f3.png	No	netzhang	2026-08-18T19:30:31Z
cluster_4/46af61f0-7913-4543-9a69-4f7052a054ca.png	Yes	netzhang	2026-08-18T19:30:34Z
cluster_4/47e89d81-6ef5-45c4-9215-27d00299f293.png	No	netzhang	2026-08-18T19:30:37Z
cluster_4/4812421a-b195-408f-b998-7a570eb5ca99.png	No	netzhang	2026-08-18T19:30:55Z
cluster_4/49b1399d-95bc-446f-a75b-9ce8d8b0ded3.png	No	netzhang	2026-08-18T19:30:59Z
cluster_4/4c3106ed-00ba-4f1a-b33b-4a9cd9900670.png	No	netzhang	2026-08-18T19:32:50Z
cluster_4/4d2cff2a-0a02-42b2-8bff-28709812903f.png	No	netzhang	2026-08-18T19:33:24Z
cluster_4/4e2221db-7039-4633-9566-410e45ba0060.png	No	netzhang	2026-08-18T19:33:31Z
cluster_4/509ea520-d977-406a-b4c2-5965cf6d2862.png	Yes	netzhang	2026-08-18T19:33:48Z
cluster_4/50e191e5-7996-4649-993f-9e7daba91538.png	No	netzhang	2026-08-18T19:34:55Z
cluster_4/510022ac-5283-4565-ae1c-9d6cbc673378.png	No	netzhang	2026-08-18T19:35:13Z
cluster_4/53d89110-cc89-4383-bab4-e0277fff42fe.png	Yes	netzhang	2026-08-18T19:35:17Z
cluster_4/54150dbe-0e86-4c77-90e1-76d0d9e9bbef.png	No	netzhang	2026-08-18T19:35:23Z
cluster_4/5426a592-93de-4c08-a763-821965d66820.png	No	netzhang	2026-08-18T19:35:50Z
cluster_4/5613ad88-dd4e-4ab1-b1e9-76175513d907.png	No	netzhang	2026-08-18T19:35:55Z
cluster_4/575b3ffe-7aac-4e92-9850-e1b865e00461.png	Yes	netzhang	2026-08-18T19:35:57Z
cluster_4/582653f9-211f-48ac-94ed-8d692181f31c.png	No	netzhang	2026-08-18T19:36:07Z
cluster_4/588b38d4-7138-4e27-944d-bbd020a9677c.png	No	netzhang	2026-08-18T19:36:13Z
cluster_4/58c36544-8aed-4a5c-bb82-eadbddbd1565.png	Yes	netzhang	2026-08-18T19:36:16Z
cluster_4/58d969db-cda7-4155-8709-582630d96e68.png	No	netzhang	2026-08-18T19:36:23Z
cluster_4/5b14781a-a3f3-4b5b-ae45-670d48c4a192.png	No	netzhang	2026-08-18T19:36:30Z
cluster_4/5d58a362-ab79-4454-b1ce-de098dd991a8.png	No	netzhang	2026-08-18T19:36:32Z
cluster_4/5df16e7b-8e49-4055-8c88-edafae98100f.png	Yes	netzhang	2026-08-18T19:36:39Z
cluster_4/5eecf8eb-15ca-45d4-8ebc-c79b12c7b56e.png	Uninformative	netzhang	2026-08-18T19:36:41Z
cluster_4/60285c51-624a-4402-9981-d1d94a24aba1.png	No	netzhang	2026-08-18T19:36:54Z
cluster_4/6045e2e5-e7e5-4efe-ad00-d0fa06421255.png	Yes	netzhang	2026-08-18T19:37:01Z
cluster_4/604ffed4-059e-45a0-9b5b-e4256fbaefd8.png	No	netzhang	2026-08-18T19:37:07Z
cluster_4/60880e19-fc82-4242-aca3-1c04b31f7745.png	Uninformative	netzhang	2026-08-18T19:37:33Z
cluster_4/61c61b34-7f7e-4d7f-98e0-7179e835abe6.png	No	netzhang	2026-08-18T19:37:44Z
cluster_4/624e04d8-bab4-4ce0-8967-99193ed35451.png	No	netzhang	2026-08-18T19:37:53Z
cluster_4/63012781-cb0d-4252-9ce7-618ef7a5cf1f.png	Yes	netzhang	2026-08-18T19:38:03Z
cluster_4/63012781-cb0d-4252-9ce7-618ef7a5cf1f.png	Yes	netzhang	2026-08-18T19:38:04Z
cluster_4/6315f3e0-5c4b-4466-96b9-19c1ff4ea394.png	No	netzhang	2026-08-18T19:38:23Z
cluster_4/6482efe8-79d2-43d2-8b39-9ce540b039a9.png	Yes	netzhang	2026-08-18T19:38:28Z
cluster_6/00a840d1-fa7a-4f7d-9433-aaa5c216a036.png	No	netzhang	2026-08-18T19:45:31Z
cluster_6/01612525-13ea-466e-b64c-13806247dcef.png	No	netzhang	2026-08-18T19:46:40Z
cluster_6/019570ec-373e-4a39-958f-3020c01374f2.png	Uninformative	netzhang	2026-08-18T19:46:45Z
cluster_6/01d76d4f-8820-4c8a-b12b-ec92b526c1b6.png	No	netzhang	2026-08-18T19:46:56Z
cluster_6/03d335eb-8deb-4ce7-9ba9-6b5a1efc7119.png	Yes	netzhang	2026-08-18T19:46:58Z
cluster_6/0445f017-c0f5-4451-aa7a-8778ea7315e1.png	No	netzhang	2026-08-18T19:47:04Z
cluster_6/0487d6f3-f032-4f6a-98c8-25f8c4017acb.png	No	netzhang	2026-08-18T19:47:22Z
cluster_6/04aca7f3-e6ee-462b-af6c-d83c5102cedd.png	Yes	netzhang	2026-08-18T19:47:26Z
cluster_6/051c19cc-d2bd-400f-a447-f1ff710488c8.png	No	netzhang	2026-08-18T19:47:39Z
cluster_6/0559c997-ee44-40c7-b321-7a4c4c985264.png	Yes	netzhang	2026-08-18T19:47:43Z
cluster_6/0729f817-ee3a-4fdf-93f1-672c93b90626.png	No	netzhang	2026-08-18T19:47:47Z
cluster_6/07d57bab-973b-4d57-b400-bb9a87885ff9.png	Yes	netzhang	2026-08-18T19:47:50Z
cluster_6/07f63eaa-9480-41e3-9cf6-9bb56d6019be.png	Yes	netzhang	2026-08-18T19:47:52Z
cluster_6/08231385-be11-4c7d-ae8e-885f4dc58e13.png	No	netzhang	2026-08-18T19:47:56Z
cluster_6/09b49885-8b14-4e11-a06f-d67316bf69fd.png	No	netzhang	2026-08-18T19:47:57Z
cluster_6/0b88372d-cfa8-483f-b272-6ba27b284c03.png	No	netzhang	2026-08-18T19:48:00Z
cluster_6/0c4b6024-828c-4c5d-ae6f-32d41530a7db.png	Yes	netzhang	2026-08-18T19:48:01Z
cluster_6/0c7293cc-bab3-4575-9b6c-e66366f38687.png	Yes	netzhang	2026-08-18T19:48:14Z
cluster_6/0c843b83-3c12-424e-a4dc-c936e0229320.png	No	netzhang	2026-08-18T19:48:18Z
cluster_6/0d6e5482-6dd9-457b-8279-f0fa48fdd6e3.png	Yes	netzhang	2026-08-18T19:48:20Z
cluster_6/0de634db-7f42-4ddf-a7f6-5cdbe86499b2.png	Yes	netzhang	2026-08-18T19:48:24Z
cluster_6/0e8ddf59-c2e3-4063-9ff2-79874e93f078.png	Yes	netzhang	2026-08-18T19:48:28Z
cluster_6/100d8e7c-9587-4b7f-8ace-e832a9658436.png	No	netzhang	2026-08-18T19:48:32Z
cluster_6/101cf6bf-f1ff-4d0c-b650-bf2bc656d41b.png	No	netzhang	2026-08-18T19:48:50Z
cluster_6/102e08ff-f1dc-4ff0-8166-fb2c6e2f5c12.png	No	netzhang	2026-08-18T19:48:53Z
cluster_6/10add241-8bcd-429b-9856-57c26d466cf2.png	No	netzhang	2026-08-18T19:48:54Z
cluster_6/117855cc-27ba-4a92-9391-c359609db144.png	Yes	netzhang	2026-08-18T19:48:57Z
cluster_6/11d764c8-9fdb-47ff-ae51-3b376ab450f4.png	Yes	netzhang	2026-08-18T19:48:59Z
cluster_6/133c8a4b-217c-46d1-ba17-d2b9d343ed50.png	Yes	netzhang	2026-08-18T19:49:02Z
cluster_6/133f1ddd-b0e9-45f6-95f9-9dbb0c381b4a.png	No	netzhang	2026-08-18T19:49:08Z
cluster_6/13d8a19a-cebc-4745-8411-19fd3bfc47e2.png	No	netzhang	2026-08-18T19:49:13Z
cluster_6/14c40c3c-e393-4d61-bf7a-c9267820f621.png	No	netzhang	2026-08-18T19:49:15Z
cluster_6/1549bcad-67aa-4c4b-bc2e-10a2d3a47d7d.png	No	netzhang	2026-08-18T19:49:21Z
cluster_6/157375cf-9420-42ff-ba21-8fc77ffcb680.png	Yes	netzhang	2026-08-18T19:49:26Z
cluster_6/15a7955e-984b-4389-8ce6-d7b6b285207e.png	No	netzhang	2026-08-18T19:49:29Z
cluster_6/15ba559d-26b9-4103-b8f0-d8699efd1837.png	Yes	netzhang	2026-08-18T19:49:32Z
cluster_6/161d41fe-33f3-4cb3-8843-79cdb7cdeab1.png	No	netzhang	2026-08-18T19:49:34Z
cluster_6/185686ef-f765-43c4-b352-438bed8d9cef.png	No	netzhang	2026-08-18T19:49:37Z
cluster_6/19fbf591-23a7-4ab3-92f9-56091e2cdb68.png	No	netzhang	2026-08-18T19:49:38Z
cluster_6/1b0535e4-84bc-4b8f-ae21-284f74302d32.png	Yes	netzhang	2026-08-18T19:49:40Z
cluster_6/1b358eb6-b6e7-4df7-b337-06bad0f4c586.png	Yes	netzhang	2026-08-18T19:49:43Z
cluster_6/1b4ae895-29d9-4cf3-9a9f-2e87811173d3.png	Yes	netzhang	2026-08-18T19:49:53Z
cluster_6/1bccb66b-b480-4c5e-98d8-a8e82471b110.png	No	netzhang	2026-08-18T19:50:13Z
cluster_6/1bfabd6a-3cba-48e9-8fa7-edf07fc8fb49.png	No	netzhang	2026-08-18T19:50:31Z
cluster_6/1c22e4ac-6009-450c-a0c3-e34e614a8839.png	Yes	netzhang	2026-08-18T19:50:40Z
cluster_6/1d5679bc-86fa-4904-ad26-f1356dcdc7e0.png	Yes	netzhang	2026-08-18T19:50:57Z
cluster_6/1e50bc40-eee2-4066-b4ce-912bff9014aa.png	No	netzhang	2026-08-18T19:51:08Z
cluster_6/1e8411ec-d955-42f5-90a0-78cf03c00c7b.png	No	netzhang	2026-08-18T19:51:12Z
cluster_6/206a37ae-8ceb-47f7-a835-77851b365dfc.png	No	netzhang	2026-08-18T19:51:19Z
cluster_6/20c9fdba-6c94-401c-96f1-834548a879fe.png	Yes	netzhang	2026-08-18T19:51:26Z
cluster_6/219d4f45-1608-4367-b130-178866a14d31.png	Yes	netzhang	2026-08-18T19:51:28Z
cluster_6/21b84aef-fc2a-43f9-b2ef-84048ba9c455.png	No	netzhang	2026-08-18T19:51:30Z
cluster_6/22fd848a-87e0-4673-8ec3-8b5ccd9db964.png	No	netzhang	2026-08-18T19:51:36Z
cluster_6/2308bc72-182c-4bdf-af07-ccb5e56b9dd0.png	Yes	netzhang	2026-08-18T19:51:37Z
cluster_6/2467c02e-1e13-4a0d-850e-e8a3df0bf8da.png	No	netzhang	2026-08-18T19:51:39Z
cluster_6/25728949-acd9-4649-a4fc-a11b962ce913.png	Yes	netzhang	2026-08-18T19:51:59Z
cluster_6/275d4aa9-3433-4d39-bbde-c60f65ad111a.png	No	netzhang	2026-08-18T19:52:39Z
cluster_6/275ddae7-281d-4342-a24d-328562249b54.png	No	netzhang	2026-08-18T19:52:48Z
cluster_6/277b787b-76e7-48ee-9867-1dfd0253fb24.png	No	netzhang	2026-08-18T19:52:50Z
cluster_6/27d53c0f-730b-4b8b-9789-fd8cb34a4142.png	No	netzhang	2026-08-18T19:52:55Z
cluster_6/29757bd8-44ab-48bd-ba06-4ed4faad9efa.png	No	netzhang	2026-08-18T19:52:57Z
cluster_6/29a5aa1f-570c-4b12-99c6-cdceb6149f51.png	No	netzhang	2026-08-18T19:52:58Z
cluster_6/2a07fed4-5759-4334-9669-b63d2ddaa571.png	No	netzhang	2026-08-18T19:53:00Z
cluster_6/2a67254b-800e-4557-a536-2aad5c85259e.png	No	netzhang	2026-08-18T19:53:01Z
cluster_6/2ae70eae-6557-431e-b750-cbbd063d3e6f.png	No	netzhang	2026-08-18T19:53:11Z
cluster_6/2bd87bf6-05bc-45fb-a4d2-56db068355ec.png	No	netzhang	2026-08-18T19:53:16Z
cluster_6/2c7beb3c-9f67-41de-9a62-08a7e681c3d2.png	Yes	netzhang	2026-08-18T19:53:24Z
cluster_6/2cfdb4e9-3f49-4480-82ee-d2ccc64a8782.png	No	netzhang	2026-08-18T19:53:28Z
cluster_6/2de98409-b7d1-4b83-a25e-187cd3167b9b.png	Uninformative	netzhang	2026-08-18T19:53:30Z
cluster_6/2e368d4c-d830-4bd4-a3a1-1eeae5e3aebe.png	Yes	netzhang	2026-08-18T19:53:33Z
cluster_6/2f0131ee-f549-4251-ae63-0888fdef15d0.png	No	netzhang	2026-08-18T19:53:38Z
cluster_6/2f1b6804-ee62-422a-bc53-614c3a22a45f.png	No	netzhang	2026-08-18T19:53:43Z
cluster_6/2f8a8866-b819-49c5-8c06-05f646dcce19.png	No	netzhang	2026-08-18T19:53:46Z
cluster_6/2f9e10dd-e798-446f-9cca-9f1733e19b77.png	No	netzhang	2026-08-18T19:54:03Z
cluster_6/30293cbe-b490-49c0-ae61-ece18be3f103.png	No	netzhang	2026-08-18T19:54:05Z
cluster_6/30459cb1-563e-435e-9108-75e6ac0dcb88.png	No	netzhang	2026-08-18T19:54:08Z
cluster_6/31035ad1-049a-4963-8b61-a47f76dd2c42.png	Yes	netzhang	2026-08-18T19:54:13Z
cluster_6/31121f21-61c3-41ec-847b-585594c07dd6.png	Yes	netzhang	2026-08-18T19:54:16Z
cluster_6/3112468d-c53b-4017-a0cf-f5f0b8014161.png	No	netzhang	2026-08-18T19:54:40Z
cluster_6/314b9939-3c5b-4c27-bc26-1072f0443c73.png	Yes	netzhang	2026-08-18T19:55:47Z
cluster_6/322a0980-d8ab-4e99-b998-0f42459d0007.png	No	netzhang	2026-08-18T19:55:51Z
cluster_6/34657c02-9f39-4053-9525-905aee449de1.png	Yes	netzhang	2026-08-18T19:55:53Z
cluster_6/351f65ea-9235-4725-977c-62f08d36dd5f.png	Yes	netzhang	2026-08-18T19:55:57Z
cluster_6/35ad966c-5fc2-418b-8d9d-f7aea9d7b9ff.png	No	netzhang	2026-08-18T19:55:59Z
cluster_6/35c84d72-86f7-41a0-a2ca-be9c4f6bbc32.png	Uninformative	netzhang	2026-08-18T19:56:12Z
cluster_6/375f2c77-a211-461c-a833-9bf67552b9d6.png	Yes	netzhang	2026-08-18T19:56:14Z
cluster_6/38e7bc28-d99e-49ac-8285-84552f27b01a.png	Yes	netzhang	2026-08-18T19:56:25Z
cluster_6/394ebf5a-546c-4e2c-b047-479a0289b0e9.png	No	netzhang	2026-08-18T19:56:31Z
cluster_6/3993c6c6-ca3f-488c-a7e1-78214fd19bd0.png	No	netzhang	2026-08-18T19:56:32Z
cluster_6/39a5c39d-a866-4310-a404-b6f2e2d6d90a.png	No	netzhang	2026-08-18T19:56:36Z
cluster_6/3b81300b-9ffd-4499-8dd3-8db30efa3326.png	No	netzhang	2026-08-18T19:56:39Z
cluster_6/3c3b4791-b1d7-4e18-a99f-baaa19c122f1.png	No	netzhang	2026-08-18T19:56:45Z
cluster_6/3e9101db-70c2-4ea2-90e0-432326144a70.png	Yes	netzhang	2026-08-18T19:56:52Z
cluster_6/3f27978a-14ce-48f9-81c6-f3eec1d837e3.png	No	netzhang	2026-08-18T19:57:11Z
cluster_6/3fdf9cff-8a6a-4cce-a1ab-2824af8cddf1.png	No	netzhang	2026-08-18T19:57:26Z
cluster_6/427fb5fa-6266-4ef4-9a28-e2d0a088af3d.png	Yes	netzhang	2026-08-18T19:57:39Z
cluster_6/43620236-1006-495d-a27f-485c386b5a9b.png	Yes	netzhang	2026-08-18T19:57:55Z
cluster_6/43ab36e5-db88-4499-9dd8-aa1b690592ad.png	No	netzhang	2026-08-18T19:57:58Z
cluster_6/457ee140-cff9-420d-a41f-be048448bda1.png	No	netzhang	2026-08-18T19:58:02Z
cluster_6/457ee140-cff9-420d-a41f-be048448bda1.png	Uninformative	netzhang	2026-08-18T19:58:13Z
cluster_6/46f6adc1-962f-4844-aeb4-9e67bf871094.png	Yes	netzhang	2026-08-18T19:58:25Z
cluster_6/48a0f71b-2c8f-4214-885b-ea9bc8929a83.png	Yes	netzhang	2026-08-18T19:58:31Z
cluster_6/490ab15f-ce85-48f0-90e1-b25718ccf3f1.png	Yes	netzhang	2026-08-18T19:58:34Z
cluster_6/498c4778-7cda-4ba2-8e30-08879207d8cc.png	No	netzhang	2026-08-18T19:58:41Z
cluster_6/4ab2555f-559e-4d1a-8399-4013433f5e98.png	No	netzhang	2026-08-18T19:58:45Z
cluster_6/4b627083-1ccb-4c99-a867-841fb07f8263.png	No	netzhang	2026-08-18T19:58:47Z
cluster_6/4c8b46f9-114d-42e8-b278-656be6e545de.png	Yes	netzhang	2026-08-18T19:58:50Z
cluster_6/4ce529e3-e5e7-45d9-9d90-d92d3ae5a227.png	No	netzhang	2026-08-18T19:58:55Z
cluster_6/4d7a0e94-9b1c-4ca4-8d9b-aeb173b5084d.png	No	netzhang	2026-08-18T19:59:02Z
cluster_6/4d8c10ba-5ae1-44f0-bcb2-75da981fc523.png	No	netzhang	2026-08-18T19:59:06Z
cluster_6/4d969539-98ff-4a84-a2be-ddfa2428b374.png	No	netzhang	2026-08-18T19:59:15Z
cluster_10/012e9158-2432-458d-ba28-2a7ecdc8685a.png	No	netzhang	2026-08-18T20:01:12Z
cluster_10/0254e4bf-cf5e-4e9d-ba0a-c8f105d66cac.png	No	netzhang	2026-08-18T20:01:21Z
cluster_10/038a177a-2cc8-414a-ab08-407ba4c02595.png	Yes	netzhang	2026-08-18T20:01:29Z
cluster_10/043f1037-2e0a-45b6-abe4-0760a6fadeda.png	Yes	netzhang	2026-08-18T20:01:34Z
cluster_10/0694a918-2a19-40d4-80a3-ee7dc01d0a7d.png	Yes	netzhang	2026-08-18T20:01:38Z
cluster_10/0712e721-20cc-4ab8-81f5-87ea485093fa.png	Yes	netzhang	2026-08-18T20:01:42Z
cluster_10/07db0449-148e-403d-b071-e91256767d12.png	No	netzhang	2026-08-18T20:01:44Z
cluster_10/082c1505-aa12-4543-ac95-978b4330f321.png	Yes	netzhang	2026-08-18T20:01:47Z
cluster_10/088213c2-12a8-4212-b915-3b7c881b9ec6.png	Yes	netzhang	2026-08-18T20:01:50Z
cluster_10/0a99e948-c955-4da8-a1a7-03424ba80434.png	Uninformative	netzhang	2026-08-18T20:01:53Z
cluster_10/0ab833e6-2b19-4fad-8a05-7044cf5c45cc.png	Uninformative	netzhang	2026-08-18T20:02:03Z
cluster_10/0b7162b9-e00b-47c1-9556-e4369e626bb8.png	No	netzhang	2026-08-18T20:02:08Z
cluster_10/0dd70c8b-3efd-4b36-9cb6-39aa0b5931e7.png	Uninformative	netzhang	2026-08-18T20:02:10Z
cluster_10/1010c0a5-add3-4004-96d5-51333b871017.png	No	netzhang	2026-08-18T20:02:13Z
cluster_10/1060b2df-7ea2-4b21-82d0-b01a5a9740eb.png	No	netzhang	2026-08-18T20:02:23Z
cluster_10/1194a535-1d76-47dc-874a-83608f76f669.png	Yes	netzhang	2026-08-18T20:02:25Z
cluster_10/13e91dce-aa1e-4778-a67f-3f2f7c75c833.png	Yes	netzhang	2026-08-18T20:02:38Z
cluster_10/1b7c83b0-9ff3-42e7-8902-d0cbcba3613d.png	Yes	netzhang	2026-08-18T20:03:17Z
cluster_10/1d08daac-f7a7-4a59-beb9-e799b12b9884.png	No	netzhang	2026-08-18T20:03:19Z
cluster_10/1db7a630-165f-4c03-85a1-ef05997b5428.png	Yes	netzhang	2026-08-18T20:03:22Z
cluster_10/1f1e8afe-9f42-4713-aaff-63eb6050d01a.png	Yes	netzhang	2026-08-18T20:03:24Z
cluster_10/1f6251b6-587c-4fa6-be86-516cdf7cbd71.png	No	netzhang	2026-08-18T20:03:28Z
cluster_10/1f8103d2-1f4f-4bb5-bc96-52cab9892666.png	Yes	netzhang	2026-08-18T20:03:33Z
cluster_10/1fc61391-e003-4089-a2be-03f719dc2bf9.png	Yes	netzhang	2026-08-18T20:03:35Z
cluster_10/201295ac-b4cf-4595-955e-ac6648e9dc59.png	No	netzhang	2026-08-18T20:03:43Z
cluster_10/2086dccb-dc89-4440-9209-313dafaa49a2.png	No	netzhang	2026-08-18T20:03:55Z
cluster_10/20ec7971-bdd8-4d94-90fd-20deccc8847e.png	Yes	netzhang	2026-08-18T20:03:57Z
cluster_10/244eed2a-0653-4a73-9d24-f2c53d776144.png	Yes	netzhang	2026-08-18T20:04:07Z
cluster_10/258714ec-4fcb-40a0-b9fc-fbf02172d442.png	No	netzhang	2026-08-18T20:04:11Z
cluster_10/27601dbd-055a-4e77-886a-b62cf6c15805.png	No	netzhang	2026-08-18T20:04:33Z
cluster_10/27b846cc-bdaf-4bd9-87c7-5e0913a5d3d1.png	No	netzhang	2026-08-18T20:04:36Z
cluster_10/27d7d1c8-e105-4fe4-87f5-d49013c479e8.png	No	netzhang	2026-08-18T20:04:40Z
cluster_10/2ad3c790-ed0b-4db9-8b3e-e4096445cf94.png	Yes	netzhang	2026-08-18T20:04:53Z
cluster_10/2cf088db-96e1-4dc0-b7bb-e0544748e4f7.png	No	netzhang	2026-08-18T20:05:07Z
cluster_10/2e16c3fe-79fa-4cdd-9691-4c7e95c5e02c.png	Uninformative	netzhang	2026-08-18T20:05:10Z
cluster_10/2e33e4a5-8eaa-4251-9644-870d43812ae6.png	Yes	netzhang	2026-08-18T20:05:13Z
cluster_10/2e33e4a5-8eaa-4251-9644-870d43812ae6.png	No	netzhang	2026-08-18T20:05:23Z
cluster_10/3107f3e5-d48e-4b19-a0e7-0c3f3b4a9ff1.png	Yes	netzhang	2026-08-18T20:05:57Z
cluster_10/32cde272-1f5c-4469-a312-3c1d802f438a.png	Yes	netzhang	2026-08-18T20:06:09Z
cluster_10/34c31e21-3d8b-43a9-a161-9acfedaa5315.png	Uninformative	netzhang	2026-08-18T20:06:18Z
cluster_10/3571274c-bba1-43fc-acd5-dd64f64f6aa9.png	Yes	netzhang	2026-08-18T20:06:23Z
cluster_10/393c8716-8146-4ba4-9fcc-e89cde498261.png	No	netzhang	2026-08-18T20:06:32Z
cluster_10/39fc2563-0716-47ba-8818-2d0abeadd929.png	Yes	netzhang	2026-08-18T20:06:36Z
cluster_10/3b463227-3012-42df-8847-4562d45f1771.png	No	netzhang	2026-08-18T20:06:50Z
cluster_10/3ba4f728-fce6-4321-9892-bcff82adbdae.png	No	netzhang	2026-08-18T20:06:51Z
cluster_10/3e544a3a-5729-4fd7-8685-39b3dffea8ee.png	No	netzhang	2026-08-18T20:06:59Z
cluster_10/40519e1b-4dc8-4d42-9223-2e6ccab4b6de.png	Yes	netzhang	2026-08-18T20:07:04Z
cluster_10/4131cec7-1540-448c-96bc-b0b6066ea3bd.png	Uninformative	netzhang	2026-08-18T20:07:21Z
cluster_10/438af697-2352-4e2b-8cd7-2c50916057f1.png	Yes	netzhang	2026-08-18T20:07:32Z
cluster_10/465ba5c6-0a8a-4fe1-bc16-32e41e92b783.png	No	netzhang	2026-08-18T20:07:36Z
cluster_10/46d763a8-5248-4a10-a277-bf2a3b0c864f.png	Yes	netzhang	2026-08-18T20:07:38Z
cluster_10/47b72bfc-8a2a-4760-bd60-9e75656aea55.png	No	netzhang	2026-08-18T20:07:42Z
cluster_10/4925b3c5-2fcf-438a-98c7-6147133d44b7.png	Yes	netzhang	2026-08-18T20:07:45Z
cluster_10/4b298d53-5083-4007-86e8-931cbe628d2e.png	No	netzhang	2026-08-18T20:07:52Z
cluster_10/4b780add-9a08-48fb-b4de-4d2ba39032d3.png	Yes	netzhang	2026-08-18T20:08:09Z
cluster_10/4b7ff48c-26ad-42b7-ad14-5f5a39b70b26.png	No	netzhang	2026-08-18T20:08:17Z
cluster_10/4cb593ba-f666-4652-9f5f-60a0cdc6eb31.png	No	netzhang	2026-08-18T20:08:22Z
cluster_10/4de3fe88-9b8f-480f-b588-0d5bfcaad23e.png	No	netzhang	2026-08-18T20:08:24Z
cluster_10/4e91752f-295e-436c-b0dc-32a951991f3f.png	Yes	netzhang	2026-08-18T20:08:29Z
cluster_10/4eec28d9-f2fc-42d6-a6af-4a6d1aa820f7.png	No	netzhang	2026-08-18T20:08:32Z
cluster_10/4efe079f-3729-42e4-82fb-c50fb190e6b7.png	Yes	netzhang	2026-08-18T20:08:43Z
cluster_10/4f65ec63-3d11-44ac-ab39-89fa51601cf4.png	Yes	netzhang	2026-08-18T20:08:54Z
cluster_10/5097c48d-bae0-4781-8f25-cf36cd56f766.png	Yes	netzhang	2026-08-18T20:09:15Z
cluster_10/51b8d1ea-4082-427c-a3d2-42f10e04ae37.png	No	netzhang	2026-08-18T20:09:30Z
cluster_10/52c31e70-33d0-4459-923f-a1cd15c8918f.png	Uninformative	netzhang	2026-08-18T20:09:34Z
cluster_10/533bad40-3ae2-4087-b778-f90e6017e8fb.png	No	netzhang	2026-08-18T20:09:38Z
cluster_10/5386223e-ed56-4a80-930c-1f8c09389692.png	Yes	netzhang	2026-08-18T20:09:42Z
cluster_10/53fd3a75-befe-4a85-8826-9a047f491ed1.png	Yes	netzhang	2026-08-18T20:09:44Z
cluster_10/54117c85-e4f0-4ead-ae88-1df4c6c8ecfe.png	No	netzhang	2026-08-18T20:09:55Z
cluster_10/5463a5fc-a734-445f-b165-426ac0315e94.png	Yes	netzhang	2026-08-18T20:09:58Z
cluster_10/55fb9fef-727c-4f69-ac30-b67af01d1ad3.png	No	netzhang	2026-08-18T20:10:00Z
cluster_10/570d5663-18b7-4edf-86c3-f3883805783b.png	Yes	netzhang	2026-08-18T20:10:07Z
cluster_10/58010951-4733-44fd-a7d5-fc4d0f760d08.png	No	netzhang	2026-08-18T20:10:16Z
cluster_10/586e9f6f-a2b5-4b8d-b777-5fa504bafcfb.png	No	netzhang	2026-08-18T20:10:20Z
cluster_10/59465803-8e5f-4369-b913-bc032298f0cd.png	Yes	netzhang	2026-08-18T20:10:23Z
cluster_10/5a170696-44fc-49f7-9d36-e1d191f4fcd0.png	Yes	netzhang	2026-08-18T20:10:25Z
cluster_10/5a244d18-48a8-43c0-adca-a772090ed360.png	Yes	netzhang	2026-08-18T20:10:30Z
cluster_10/5c4fbf0d-815f-4b11-a9e1-70088a5fcf77.png	Yes	netzhang	2026-08-18T20:10:34Z
cluster_10/5d8dd9fe-5f14-4d7f-b158-181fd96dfcb7.png	Uninformative	netzhang	2026-08-18T20:10:36Z
cluster_10/5e0f1f03-a678-47ed-bfbc-4f061df5318f.png	Yes	netzhang	2026-08-18T20:10:38Z
cluster_10/5ed4c0f0-7bfe-4bcf-8e8c-02d3e34a192f.png	No	netzhang	2026-08-18T20:10:43Z
cluster_10/5f58bf57-074d-4984-9114-b004e0381010.png	Yes	netzhang	2026-08-18T20:10:55Z
cluster_10/6223dee3-69d6-48ee-8b07-1a37cb9fffd3.png	Yes	netzhang	2026-08-18T20:11:10Z
cluster_10/62ffa5e0-6df4-4ece-a0d3-5489c12dfd6c.png	Yes	netzhang	2026-08-18T20:11:15Z
cluster_10/64f57482-011d-4ff2-802f-aca2cc737059.png	Yes	netzhang	2026-08-18T20:11:17Z
cluster_10/6537e96f-6755-4d8c-b46f-2ada5d2c0a5c.png	Yes	netzhang	2026-08-18T20:11:59Z
cluster_10/662afae0-338e-4fbe-a01e-b36b1dec4029.png	Yes	netzhang	2026-08-18T20:12:19Z
cluster_10/66d3174c-ad11-4be0-ae81-07dc132e31ae.png	Yes	netzhang	2026-08-18T20:12:25Z
cluster_10/6778e4d5-178a-4df4-822e-3a3cdb8107ae.png	No	netzhang	2026-08-18T20:12:38Z
cluster_10/678bfbe3-d9b5-4c5f-9a39-9d8e22d1fb57.png	No	netzhang	2026-08-18T20:12:43Z
cluster_10/681c2f9c-4917-4f59-8e5d-35f05cc4dab1.png	No	netzhang	2026-08-18T20:12:45Z
cluster_10/683a527a-9201-486e-b933-f57b4524dfa2.png	No	netzhang	2026-08-18T20:12:47Z
cluster_10/6882987b-d49c-427e-9eb4-1c2f71d8a2bf.png	No	netzhang	2026-08-18T20:12:49Z
cluster_10/694935b4-b904-4371-8731-526de9517666.png	No	netzhang	2026-08-18T20:12:52Z
cluster_10/694935b4-b904-4371-8731-526de9517666.png	Yes	netzhang	2026-08-18T20:12:58Z
cluster_10/6cad4ddc-81ff-4767-b4f0-204ee918538b.png	Yes	netzhang	2026-08-18T20:13:01Z
cluster_10/6e4a7904-9a3b-493e-9ba7-8e117dd1b48f.png	No	netzhang	2026-08-18T20:13:11Z
cluster_10/6e62533c-a507-4d34-bc6c-a119ec7f384c.png	No	netzhang	2026-08-18T20:13:23Z
cluster_10/6e9154dc-cf5f-48bc-a9e5-0c2e1de3d363.png	No	netzhang	2026-08-18T20:13:28Z
cluster_10/6f599895-42b3-4ddd-b1a5-b63d3fe49836.png	Yes	netzhang	2026-08-18T20:13:31Z
cluster_10/71378658-8cb4-4217-a59c-928ce90315db.png	Yes	netzhang	2026-08-18T20:13:36Z
cluster_10/7181e8a2-a0c0-42ae-bee2-44fc6ca7854d.png	Yes	netzhang	2026-08-18T20:13:40Z
cluster_10/736c971c-34a9-4722-9901-4be2f3fb7c05.png	No	netzhang	2026-08-18T20:13:42Z
cluster_10/73fc72ac-feb2-4e9d-99e7-c747c70bb1b0.png	Yes	netzhang	2026-08-18T20:13:43Z
cluster_10/74dd64a1-d498-435f-93aa-998815d83dbd.png	Yes	netzhang	2026-08-18T20:13:45Z
cluster_10/760b1375-5d9e-4f4c-b123-9943ce4a77a5.png	No	netzhang	2026-08-18T20:13:56Z
cluster_10/778a162b-77a8-4e3f-8451-4e5975f84393.png	Yes	netzhang	2026-08-18T20:14:07Z
cluster_10/78cbdbb0-e6f7-446d-b8af-4f70488173e7.png	Uninformative	netzhang	2026-08-18T20:14:23Z
cluster_10/78d80cff-2ffc-4dd2-bd2e-df4c4e438d7d.png	No	netzhang	2026-08-18T20:14:42Z
cluster_10/79a43079-7c97-4b69-84c9-2d418b0d600e.png	Yes	netzhang	2026-08-18T20:15:18Z
cluster_10/79f6ce3d-2e92-43f2-a29c-81c3c8800bd9.png	No	netzhang	2026-08-18T20:15:22Z
cluster_10/7a2a6700-e4cd-4a10-a709-cfa4babbc265.png	No	netzhang	2026-08-18T20:15:35Z
cluster_6/4db77d75-8b44-4c2c-9188-d6bba1acbc4d.png	No	netzhang	2026-08-19T14:17:16Z
cluster_6/4dd9c9e6-6c99-4fe3-be21-706d3ce5d4b2.png	No	netzhang	2026-08-19T14:17:20Z
cluster_6/4eb98266-f913-41ac-8b38-2fe151226610.png	Yes	netzhang	2026-08-19T14:17:41Z
cluster_6/4f5c0667-9e26-4a04-a0ce-92cd298cb11c.png	No	netzhang	2026-08-19T14:17:48Z
cluster_6/5086d7fb-7d67-44d1-ae3b-ba72e6af9274.png	No	netzhang	2026-08-19T14:17:57Z
cluster_6/50cd53ef-3e8a-46db-b50b-3bee62a6ea1c.png	Yes	netzhang	2026-08-19T14:18:03Z
