cluster,stage,n,uuid,url,source_id,recordedBy,rightsHolder,media_creator,license_url,gbif_license,occurrence_url,inat_observation,credit
c00,,893.0,6d681e6e-6ce4-461b-ad99-859d4c061507,https://inaturalist-open-data.s3.amazonaws.com/photos/44617414/original.jpeg,2451585466,Todd J Benkart,Todd J Benkart,Todd J Benkart,http://creativecommons.org/licenses/by-nc-sa/4.0/,http://creativecommons.org/licenses/by/4.0/legalcode,https://www.gbif.org/occurrence/2451585466,https://www.inaturalist.org/observations/28614280,"© Todd J Benkart, iNaturalist, CC BY-NC-SA 4.0"
c01,,278.0,c355f54e-ad06-4c60-a9a7-e5c9068787e1,https://inaturalist-open-data.s3.amazonaws.com/photos/184389126/original.jpeg,3747115533,Lissa Martinez,Lissa Martinez,Lissa Martinez,http://creativecommons.org/licenses/by-nc/4.0/,http://creativecommons.org/licenses/by-nc/4.0/legalcode,https://www.gbif.org/occurrence/3747115533,https://www.inaturalist.org/observations/109406944,"© Lissa Martinez, iNaturalist, CC BY-NC 4.0"
c02,,462.0,4f3af33c-a9df-4bba-8832-e968b7d345d1,https://inaturalist-open-data.s3.amazonaws.com/photos/223851756/original.jpg,3902583278,Juvia Heuchert,Juvia Heuchert,Juvia Heuchert,http://creativecommons.org/licenses/by/4.0/,http://creativecommons.org/licenses/by/4.0/legalcode,https://www.gbif.org/occurrence/3902583278,https://www.inaturalist.org/observations/131530797,"© Juvia Heuchert, iNaturalist, CC BY 4.0"
c03,,293.0,2e5aedd7-a162-4130-859a-25dbd59c730c,https://inaturalist-open-data.s3.amazonaws.com/photos/90285652/original.jpg,2850782104,Robert Dobbs,Robert Dobbs,Robert Dobbs,http://creativecommons.org/licenses/by-nc/4.0/,http://creativecommons.org/licenses/by-nc/4.0/legalcode,https://www.gbif.org/occurrence/2850782104,https://www.inaturalist.org/observations/56646798,"© Robert Dobbs, iNaturalist, CC BY-NC 4.0"
c04,,597.0,0bf12d3e-3a33-4f5f-ad7d-40ec2cbaf590,https://inaturalist-open-data.s3.amazonaws.com/photos/149453977/original.jpeg,3337437953,pat,pat,pat,http://creativecommons.org/licenses/by-nc/4.0/,http://creativecommons.org/licenses/by-nc/4.0/legalcode,https://www.gbif.org/occurrence/3337437953,https://www.inaturalist.org/observations/90428859,"© pat, iNaturalist, CC BY-NC 4.0"
c05,,806.0,39fe88a8-00c7-44fd-9bea-ddf32bcc60f8,https://inaturalist-open-data.s3.amazonaws.com/photos/44200419/original.jpg,2283204408,jordihoward,jordihoward,jordihoward,http://creativecommons.org/licenses/by-nc/4.0/,http://creativecommons.org/licenses/by-nc/4.0/legalcode,https://www.gbif.org/occurrence/2283204408,https://www.inaturalist.org/observations/28357654,"© jordihoward, iNaturalist, CC BY-NC 4.0"
c06,,1677.0,d740fbf7-cc19-4e85-897d-128a598d892b,https://inaturalist-open-data.s3.amazonaws.com/photos/247675709/original.jpeg,4006649671,Donovan Snell,Donovan Snell,Donovan Snell,http://creativecommons.org/licenses/by-nc/4.0/,http://creativecommons.org/licenses/by-nc/4.0/legalcode,https://www.gbif.org/occurrence/4006649671,https://www.inaturalist.org/observations/144324734,"© Donovan Snell, iNaturalist, CC BY-NC 4.0"
c07,,464.0,b9208359-6265-4875-bf50-07888940fbd7,https://inaturalist-open-data.s3.amazonaws.com/photos/47946685/original.jpg,2350392640,fraziercare,fraziercare,fraziercare,http://creativecommons.org/licenses/by-nc/4.0/,http://creativecommons.org/licenses/by-nc/4.0/legalcode,https://www.gbif.org/occurrence/2350392640,https://www.inaturalist.org/observations/30682230,"© fraziercare, iNaturalist, CC BY-NC 4.0"
c08,,482.0,aa1a86d5-8566-4f74-8327-9f381859a676,https://inaturalist-open-data.s3.amazonaws.com/photos/135579428/original.jpg,3307259663,plawrynpx,plawrynpx,plawrynpx,http://creativecommons.org/licenses/by-nc/4.0/,http://creativecommons.org/licenses/by-nc/4.0/legalcode,https://www.gbif.org/occurrence/3307259663,https://www.inaturalist.org/observations/82598174,"© plawrynpx, iNaturalist, CC BY-NC 4.0"
c09,,310.0,04caf84d-6f2d-41e7-8e2e-bf6b76b09417,https://inaturalist-open-data.s3.amazonaws.com/photos/145411216/original.jpeg,3330804567,John,John,John,http://creativecommons.org/licenses/by-nc/4.0/,http://creativecommons.org/licenses/by-nc/4.0/legalcode,https://www.gbif.org/occurrence/3330804567,https://www.inaturalist.org/observations/88153719,"© John, iNaturalist, CC BY-NC 4.0"
c10,,305.0,b3b154c9-659d-4d2b-92e9-f8469b26fc09,https://inaturalist-open-data.s3.amazonaws.com/photos/24141609/original.jpeg,1901047803,bnelson87,bnelson87,bnelson87,http://creativecommons.org/licenses/by-nc/4.0/,http://creativecommons.org/licenses/by-nc/4.0/legalcode,https://www.gbif.org/occurrence/1901047803,https://www.inaturalist.org/observations/16112566,"© bnelson87, iNaturalist, CC BY-NC 4.0"
c11,,200.0,e548ec72-7960-4ab3-8067-81ad6a6315e4,https://inaturalist-open-data.s3.amazonaws.com/photos/225141197/original.jpeg,3902982502,colettepaul,colettepaul,colettepaul,http://creativecommons.org/licenses/by-nc/4.0/,http://creativecommons.org/licenses/by-nc/4.0/legalcode,https://www.gbif.org/occurrence/3902982502,https://www.inaturalist.org/observations/132225123,"© colettepaul, iNaturalist, CC BY-NC 4.0"
c12,,275.0,97b5d319-1afd-4e8c-b782-f774225a52df,https://inaturalist-open-data.s3.amazonaws.com/photos/10254432/original.jpeg,1640099153,Edgar Pedro Méndez Vázquez,Edgar Pedro Méndez Vázquez,Edgar Pedro Méndez Vázquez,http://creativecommons.org/licenses/by-nc/4.0/,http://creativecommons.org/licenses/by-nc/4.0/legalcode,https://www.gbif.org/occurrence/1640099153,https://www.inaturalist.org/observations/7798892,"© Edgar Pedro Méndez Vázquez, iNaturalist, CC BY-NC 4.0"
c13,,153.0,b3e60247-4880-4ec3-b50b-ae9462c40fef,https://inaturalist-open-data.s3.amazonaws.com/photos/74552310/original.jpeg,3070317911,Oscar Alejandro Morales Juárez,Oscar Alejandro Morales Juárez,Oscar Alejandro Morales Juárez,http://creativecommons.org/licenses/by-sa/4.0/,http://creativecommons.org/licenses/by-nc/4.0/legalcode,https://www.gbif.org/occurrence/3070317911,https://www.inaturalist.org/observations/47010472,"© Oscar Alejandro Morales Juárez, iNaturalist, CC BY-SA 4.0"
c14,,330.0,5e3bc2a9-3600-4b8c-a53a-41d10d4b7d12,https://inaturalist-open-data.s3.amazonaws.com/photos/156180944/original.jpg,3355820504,chrisdoty,chrisdoty,chrisdoty,http://creativecommons.org/licenses/by-nc/4.0/,http://creativecommons.org/licenses/by-nc/4.0/legalcode,https://www.gbif.org/occurrence/3355820504,https://www.inaturalist.org/observations/94169336,"© chrisdoty, iNaturalist, CC BY-NC 4.0"
c15,,465.0,86cd1fea-be3d-4d05-81d5-8746009d57e0,https://inaturalist-open-data.s3.amazonaws.com/photos/347257730/original.jpg,4516471149,Micah Freedman,Micah Freedman,Micah Freedman,http://creativecommons.org/licenses/by-nc/4.0/,http://creativecommons.org/licenses/by-nc/4.0/legalcode,https://www.gbif.org/occurrence/4516471149,https://www.inaturalist.org/observations/197085416,"© Micah Freedman, iNaturalist, CC BY-NC 4.0"
c16,,234.0,084b23eb-1941-4177-80bb-50f6775c0487,https://inaturalist-open-data.s3.amazonaws.com/photos/26006790/original.jpeg,1914357441,Antonio Flores,Antonio Flores,Antonio Flores,http://creativecommons.org/licenses/by-nc/4.0/,http://creativecommons.org/licenses/by-nc/4.0/legalcode,https://www.gbif.org/occurrence/1914357441,https://www.inaturalist.org/observations/17163803,"© Antonio Flores, iNaturalist, CC BY-NC 4.0"
c17,,1080.0,072a25c7-abd1-410e-b437-cfcbd8837660,https://inaturalist-open-data.s3.amazonaws.com/photos/51892124/original.jpg,2423157526,adelevs,adelevs,adelevs,http://creativecommons.org/licenses/by-nc/4.0/,http://creativecommons.org/licenses/by-nc/4.0/legalcode,https://www.gbif.org/occurrence/2423157526,https://www.inaturalist.org/observations/33058569,"© adelevs, iNaturalist, CC BY-NC 4.0"
c18,,192.0,2d38cd9c-94e4-442e-9b32-bd80daabb4e1,https://inaturalist-open-data.s3.amazonaws.com/photos/306274165/original.jpg,4172084701,nationalrheagraphic,nationalrheagraphic,nationalrheagraphic,http://creativecommons.org/licenses/by-nc/4.0/,http://creativecommons.org/licenses/by-nc/4.0/legalcode,https://www.gbif.org/occurrence/4172084701,https://www.inaturalist.org/observations/176167077,"© nationalrheagraphic, iNaturalist, CC BY-NC 4.0"
c19,,504.0,b5b86d5b-a5ff-4ba1-af42-3818b8ca270c,https://inaturalist-open-data.s3.amazonaws.com/photos/26172737/original.jpeg,1920805880,Carolyn Gritzmaker,Carolyn Gritzmaker,Carolyn Gritzmaker,http://creativecommons.org/licenses/by-nc/4.0/,http://creativecommons.org/licenses/by-nc/4.0/legalcode,https://www.gbif.org/occurrence/1920805880,https://www.inaturalist.org/observations/17256794,"© Carolyn Gritzmaker, iNaturalist, CC BY-NC 4.0"
